country_id,latitude,longitude,bright_ti4,scan,track,acq_date,acq_time,satellite,instrument,confidence,version,bright_ti5,frp,daynight
USA,39.58935,-75.63398,303.09,0.44,0.46,2025-07-11,625,N21,VIIRS,n,2.0NRT,292.03,1.71,N
USA,39.93805,-76.81732,307.93,0.51,0.49,2025-07-11,625,N21,VIIRS,n,2.0NRT,290.57,0.95,N
USA,39.93913,-76.81604,305.92,0.51,0.49,2025-07-11,625,N21,VIIRS,n,2.0NRT,290.59,1.76,N
USA,40.30354,-79.87755,310.03,0.37,0.58,2025-07-11,625,N21,VIIRS,n,2.0NRT,291.13,2.11,N
USA,40.31167,-80.60587,305.3,0.41,0.61,2025-07-11,625,N21,VIIRS,n,2.0NRT,288.39,1.25,N
USA,40.31188,-80.61069,304.93,0.41,0.61,2025-07-11,625,N21,VIIRS,n,2.0NRT,287.63,1.25,N
USA,40.34253,-79.90004,311.9,0.38,0.58,2025-07-11,625,N21,VIIRS,n,2.0NRT,289.67,1.48,N
USA,40.34531,-79.90137,303.78,0.38,0.58,2025-07-11,625,N21,VIIRS,n,2.0NRT,289.43,1.33,N
USA,40.39125,-79.84935,308.87,0.37,0.58,2025-07-11,625,N21,VIIRS,n,2.0NRT,289.69,2.66,N
USA,40.39149,-79.85393,324.27,0.37,0.58,2025-07-11,625,N21,VIIRS,n,2.0NRT,290.27,2.66,N
USA,40.39172,-79.85835,324.33,0.37,0.58,2025-07-11,625,N21,VIIRS,n,2.0NRT,291.29,4.55,N
USA,40.39708,-79.85767,310.61,0.37,0.58,2025-07-11,625,N21,VIIRS,n,2.0NRT,289.93,1.94,N
USA,40.47265,-75.89452,303.35,0.46,0.47,2025-07-11,625,N21,VIIRS,n,2.0NRT,291.95,1.07,N
USA,40.62412,-84.88496,300.21,0.7,0.75,2025-07-11,625,N21,VIIRS,n,2.0NRT,278.34,2.47,N
USA,40.62413,-84.87943,300.15,0.7,0.75,2025-07-11,625,N21,VIIRS,n,2.0NRT,278.01,1.89,N
USA,40.75338,-81.43383,298.99,0.46,0.63,2025-07-11,625,N21,VIIRS,n,2.0NRT,273.78,0.81,N
USA,40.89237,-77.7122,320.39,0.58,0.52,2025-07-11,625,N21,VIIRS,n,2.0NRT,287.41,2.86,N
USA,41.3424,-74.91405,304.86,0.42,0.45,2025-07-11,625,N21,VIIRS,n,2.0NRT,288.61,1.12,N
USA,41.4492,-81.6767,325.59,0.48,0.64,2025-07-11,625,N21,VIIRS,n,2.0NRT,288.75,3.32,N
USA,41.45514,-81.67646,314.81,0.48,0.64,2025-07-11,625,N21,VIIRS,n,2.0NRT,288.09,1.86,N
USA,41.46109,-81.67622,307.36,0.48,0.64,2025-07-11,625,N21,VIIRS,n,2.0NRT,288.82,1.86,N
USA,41.46441,-81.67509,307.46,0.48,0.65,2025-07-11,625,N21,VIIRS,n,2.0NRT,288.02,1.69,N
USA,41.56953,-84.04913,309.72,0.64,0.72,2025-07-11,625,N21,VIIRS,n,2.0NRT,281.68,4.81,N
USA,42.29095,-83.1675,295.53,0.58,0.7,2025-07-11,625,N21,VIIRS,n,2.0NRT,260.99,2.62,N
USA,42.92224,-76.83337,300.91,0.55,0.51,2025-07-11,625,N21,VIIRS,n,2.0NRT,289.98,0.47,N
USA,43.08315,-77.38033,300.69,0.59,0.53,2025-07-11,625,N21,VIIRS,n,2.0NRT,290.13,1.13,N
USA,33.01228,-79.88719,318.9,0.32,0.54,2025-07-11,627,N21,VIIRS,n,2.0NRT,280.46,2.9,N
USA,35.34256,-80.82945,301.25,0.38,0.59,2025-07-11,627,N21,VIIRS,n,2.0NRT,287.75,0.67,N
USA,35.50456,-80.32979,307.84,0.36,0.57,2025-07-11,627,N21,VIIRS,n,2.0NRT,288.13,0.76,N
USA,35.70339,-81.17828,302.36,0.4,0.6,2025-07-11,627,N21,VIIRS,n,2.0NRT,287.36,0.56,N
USA,35.89571,-81.05291,320.07,0.4,0.6,2025-07-11,627,N21,VIIRS,n,2.0NRT,287.51,2.9,N
USA,35.89597,-81.05722,306.11,0.4,0.6,2025-07-11,627,N21,VIIRS,n,2.0NRT,287.18,2.57,N
USA,35.89603,-81.05339,325.57,0.4,0.6,2025-07-11,627,N21,VIIRS,n,2.0NRT,287.63,3.36,N
USA,36.14365,-83.32695,299.16,0.54,0.68,2025-07-11,627,N21,VIIRS,n,2.0NRT,287.22,0.63,N
USA,36.84835,-84.1168,301.59,0.61,0.71,2025-07-11,627,N21,VIIRS,n,2.0NRT,286.93,1.03,N
USA,36.84866,-84.11566,301.64,0.61,0.71,2025-07-11,627,N21,VIIRS,n,2.0NRT,287.07,0.96,N
USA,37.23044,-82.03854,303.31,0.47,0.64,2025-07-11,627,N21,VIIRS,n,2.0NRT,288.1,2.74,N
USA,37.27018,-79.99902,302.12,0.36,0.57,2025-07-11,627,N21,VIIRS,n,2.0NRT,290.14,1.02,N
USA,38.37966,-82.59641,301.57,0.51,0.66,2025-07-11,627,N21,VIIRS,n,2.0NRT,289.76,2.26,N
USA,38.49102,-81.41646,304.34,0.44,0.62,2025-07-11,627,N21,VIIRS,n,2.0NRT,288.36,1.11,N
USA,38.49126,-81.42175,301.58,0.44,0.62,2025-07-11,627,N21,VIIRS,n,2.0NRT,288.18,1.11,N
USA,38.58024,-85.41408,301.92,0.73,0.76,2025-07-11,627,N21,VIIRS,n,2.0NRT,290.15,1.71,N
USA,38.59668,-82.82484,304.34,0.53,0.67,2025-07-11,627,N21,VIIRS,n,2.0NRT,290.78,1.44,N
USA,38.59687,-82.83091,305.51,0.53,0.67,2025-07-11,627,N21,VIIRS,n,2.0NRT,290.93,1.44,N
USA,38.59752,-82.82592,306.5,0.53,0.67,2025-07-11,627,N21,VIIRS,n,2.0NRT,290.77,2.14,N
USA,38.59774,-82.83201,305.08,0.53,0.67,2025-07-11,627,N21,VIIRS,n,2.0NRT,290.82,1.9,N
USA,38.76108,-85.0006,308.5,0.7,0.75,2025-07-11,627,N21,VIIRS,n,2.0NRT,287.84,2.86,N
USA,38.77656,-79.39315,299.44,0.34,0.56,2025-07-11,627,N21,VIIRS,n,2.0NRT,287.49,0.72,N
USA,38.83329,-84.23869,298.29,0.63,0.72,2025-07-11,627,N21,VIIRS,n,2.0NRT,277.1,2.53,N
USA,38.83576,-84.24141,307.47,0.63,0.72,2025-07-11,627,N21,VIIRS,n,2.0NRT,276.87,2.52,N
USA,39.30261,-81.56944,301.67,0.46,0.63,2025-07-11,627,N21,VIIRS,n,2.0NRT,289.59,0.97,N
USA,39.46531,-84.38438,308.15,0.65,0.73,2025-07-11,627,N21,VIIRS,n,2.0NRT,290.02,3.55,N
USA,39.46894,-84.38734,315.74,0.65,0.73,2025-07-11,627,N21,VIIRS,n,2.0NRT,290.43,3.1,N
USA,39.46924,-84.40244,304.4,0.65,0.73,2025-07-11,627,N21,VIIRS,n,2.0NRT,290.89,2.95,N
USA,39.47225,-84.39953,302.68,0.65,0.73,2025-07-11,627,N21,VIIRS,n,2.0NRT,290.63,2.02,N
USA,39.48507,-84.36134,303.37,0.65,0.73,2025-07-11,627,N21,VIIRS,n,2.0NRT,290.43,1.54,N
USA,39.48857,-84.36423,303.08,0.65,0.73,2025-07-11,627,N21,VIIRS,n,2.0NRT,290.32,2.18,N
USA,39.68637,-80.38311,302.53,0.39,0.6,2025-07-11,627,N21,VIIRS,n,2.0NRT,289.12,0.66,N
USA,26.27999,-80.15561,310.04,0.56,0.51,2025-07-11,629,N21,VIIRS,n,2.0NRT,289.52,2.09,N
USA,26.33185,-80.69826,308.99,0.6,0.53,2025-07-11,629,N21,VIIRS,n,2.0NRT,290.48,1.83,N
USA,26.3341,-80.72232,336.06,0.6,0.53,2025-07-11,629,N21,VIIRS,n,2.0NRT,290.97,9.25,N
USA,26.33673,-80.69769,320.5,0.6,0.53,2025-07-11,629,N21,VIIRS,n,2.0NRT,290.8,2.61,N
USA,26.3416,-80.69711,312.7,0.6,0.53,2025-07-11,629,N21,VIIRS,n,2.0NRT,290.76,2.61,N
USA,26.34591,-80.69054,313.28,0.6,0.53,2025-07-11,629,N21,VIIRS,n,2.0NRT,290.15,2.48,N
USA,26.34648,-80.69655,303.03,0.6,0.53,2025-07-11,629,N21,VIIRS,n,2.0NRT,290.46,2.78,N
USA,26.35079,-80.68997,312.54,0.6,0.53,2025-07-11,629,N21,VIIRS,n,2.0NRT,290.13,2.48,N
USA,26.35136,-80.69598,313.81,0.6,0.53,2025-07-11,629,N21,VIIRS,n,2.0NRT,290.62,2.78,N
USA,26.35623,-80.69542,323.52,0.6,0.53,2025-07-11,629,N21,VIIRS,n,2.0NRT,290.69,2.68,N
USA,26.36111,-80.69485,302.5,0.6,0.53,2025-07-11,629,N21,VIIRS,n,2.0NRT,290.22,2.68,N
USA,26.36656,-80.70031,304.64,0.6,0.53,2025-07-11,629,N21,VIIRS,n,2.0NRT,290.1,0.92,N
USA,28.07307,-82.16698,301.54,0.39,0.59,2025-07-11,629,N21,VIIRS,n,2.0NRT,286.19,0.46,N
USA,28.55099,-82.44212,297.56,0.41,0.61,2025-07-11,629,N21,VIIRS,n,2.0NRT,271.58,0.38,N
USA,28.67004,-82.04699,302.66,0.39,0.59,2025-07-11,629,N21,VIIRS,n,2.0NRT,276.55,1.36,N
USA,28.67172,-82.04765,308.36,0.39,0.59,2025-07-11,629,N21,VIIRS,n,2.0NRT,277.29,1.95,N
USA,28.67747,-82.05113,314.64,0.39,0.59,2025-07-11,629,N21,VIIRS,n,2.0NRT,276.51,1.95,N
USA,28.67776,-82.05512,299.42,0.39,0.59,2025-07-11,629,N21,VIIRS,n,2.0NRT,276.47,2.36,N
USA,31.09772,-84.09264,307.42,0.55,0.68,2025-07-11,629,N21,VIIRS,n,2.0NRT,287.89,2,N
USA,31.09992,-84.0934,314.22,0.55,0.68,2025-07-11,629,N21,VIIRS,n,2.0NRT,287.77,2.51,N
USA,25.61695,-80.72487,305.79,0.59,0.53,2025-07-11,631,N21,VIIRS,n,2.0NRT,283.82,6.83,N
USA,25.61753,-80.73075,337.29,0.59,0.53,2025-07-11,631,N21,VIIRS,n,2.0NRT,285.65,6.83,N
USA,25.65777,-80.64851,304.7,0.59,0.53,2025-07-11,631,N21,VIIRS,n,2.0NRT,285.18,0.8,N
USA,25.65828,-80.64909,304.02,0.59,0.53,2025-07-11,631,N21,VIIRS,n,2.0NRT,284.8,1.63,N
USA,25.86009,-80.34394,306.62,0.56,0.52,2025-07-11,631,N21,VIIRS,n,2.0NRT,289.25,2.32,N
USA,40.63382,-74.22816,298.27,0.79,0.78,2025-07-11,805,N21,VIIRS,n,2.0NRT,288.07,5.36,N
USA,45.07095,-83.40601,325.49,0.43,0.46,2025-07-11,805,N21,VIIRS,n,2.0NRT,292.38,3.29,N
USA,45.31608,-85.29839,304.56,0.53,0.42,2025-07-11,805,N21,VIIRS,n,2.0NRT,289.42,1.19,N
USA,45.86425,-94.7976,300.82,0.43,0.38,2025-07-11,805,N21,VIIRS,n,2.0NRT,283.56,0.52,N
USA,46.51613,-84.39445,313.07,0.55,0.43,2025-07-11,805,N21,VIIRS,n,2.0NRT,279.42,3.09,N
USA,46.5206,-84.37724,298.43,0.55,0.43,2025-07-11,805,N21,VIIRS,n,2.0NRT,278.31,1.99,N
USA,46.72992,-92.07767,319.5,0.39,0.36,2025-07-11,805,N21,VIIRS,n,2.0NRT,288.11,2.56,N
USA,47.08088,-97.92113,323.09,0.57,0.43,2025-07-11,805,N21,VIIRS,n,2.0NRT,291.08,3.23,N
USA,47.27917,-98.23686,302.79,0.4,0.44,2025-07-11,805,N21,VIIRS,n,2.0NRT,290.6,0.6,N
USA,47.35445,-101.83082,298.54,0.58,0.52,2025-07-11,805,N21,VIIRS,n,2.0NRT,288.34,2.77,N
USA,47.35489,-101.83841,352.12,0.58,0.52,2025-07-11,805,N21,VIIRS,n,2.0NRT,291.59,21.08,N
USA,48.44297,-102.63554,301.96,0.32,0.55,2025-07-11,805,N21,VIIRS,n,2.0NRT,283.81,0.42,N
USA,48.50407,-102.9646,296.69,0.34,0.56,2025-07-11,805,N21,VIIRS,n,2.0NRT,282.8,0.8,N
USA,35.89394,-81.05555,301.94,0.49,0.65,2025-07-11,807,N21,VIIRS,n,2.0NRT,287.79,0.97,N
USA,35.93527,-86.37704,302.89,0.51,0.49,2025-07-11,807,N21,VIIRS,n,2.0NRT,291.67,1.23,N
USA,35.97791,-83.95683,319.53,0.34,0.56,2025-07-11,807,N21,VIIRS,n,2.0NRT,290.34,1.41,N
USA,36.02337,-88.15932,324.01,0.41,0.45,2025-07-11,807,N21,VIIRS,n,2.0NRT,292.82,1.69,N
USA,36.62358,-91.44694,302.37,0.43,0.38,2025-07-11,807,N21,VIIRS,n,2.0NRT,292.22,0.33,N
USA,36.80632,-81.79709,298.22,0.43,0.62,2025-07-11,807,N21,VIIRS,n,2.0NRT,287.23,1.34,N
USA,36.84798,-84.11562,308.98,0.32,0.55,2025-07-11,807,N21,VIIRS,n,2.0NRT,289.58,1.43,N
USA,36.84947,-84.11614,316.3,0.32,0.54,2025-07-11,807,N21,VIIRS,n,2.0NRT,289.57,1.22,N
USA,36.97243,-91.47076,306.3,0.43,0.38,2025-07-11,807,N21,VIIRS,n,2.0NRT,292.82,0.6,N
USA,37.00521,-91.69278,307.79,0.42,0.38,2025-07-11,807,N21,VIIRS,n,2.0NRT,292.62,0.91,N
USA,37.2199,-85.88368,303.75,0.5,0.49,2025-07-11,807,N21,VIIRS,n,2.0NRT,290.76,0.91,N
USA,37.26751,-93.35926,305.03,0.39,0.36,2025-07-11,807,N21,VIIRS,n,2.0NRT,292.82,0.47,N
USA,37.5329,-92.43244,307.32,0.4,0.37,2025-07-11,807,N21,VIIRS,n,2.0NRT,291.84,0.57,N
USA,37.63909,-82.93567,300.29,0.35,0.57,2025-07-11,807,N21,VIIRS,n,2.0NRT,288.16,0.64,N
USA,37.64354,-93.29162,302.95,0.39,0.36,2025-07-11,807,N21,VIIRS,n,2.0NRT,292.8,0.58,N
USA,37.79458,-96.87292,309.29,0.42,0.38,2025-07-11,807,N21,VIIRS,n,2.0NRT,296.61,2.03,N
USA,37.96587,-90.07679,321.32,0.46,0.39,2025-07-11,807,N21,VIIRS,n,2.0NRT,294.28,2.33,N
USA,37.96894,-92.1712,304.31,0.4,0.37,2025-07-11,807,N21,VIIRS,n,2.0NRT,292.12,0.48,N
USA,37.97546,-90.06827,306.16,0.46,0.39,2025-07-11,807,N21,VIIRS,n,2.0NRT,293.64,0.78,N
USA,38.00083,-86.14399,310.92,0.47,0.48,2025-07-11,807,N21,VIIRS,n,2.0NRT,292.47,2.51,N
USA,38.00346,-86.1438,343.3,0.47,0.48,2025-07-11,807,N21,VIIRS,n,2.0NRT,293.68,5.83,N
USA,38.005,-86.14223,315.23,0.47,0.48,2025-07-11,807,N21,VIIRS,n,2.0NRT,291.8,2.51,N
USA,38.00618,-86.14737,318.09,0.47,0.48,2025-07-11,807,N21,VIIRS,n,2.0NRT,293.04,2.51,N
USA,38.00766,-90.08015,318.95,0.46,0.39,2025-07-11,807,N21,VIIRS,n,2.0NRT,294.45,3.56,N
USA,38.12624,-104.60783,301.98,0.33,0.55,2025-07-11,807,N21,VIIRS,n,2.0NRT,287.98,0.92,N
USA,38.1784,-90.33904,308.17,0.45,0.39,2025-07-11,807,N21,VIIRS,n,2.0NRT,293.73,1.37,N
USA,38.23226,-104.60854,305.73,0.33,0.55,2025-07-11,807,N21,VIIRS,n,2.0NRT,288.87,1.13,N
USA,38.32878,-109.09895,316.59,0.59,0.7,2025-07-11,807,N21,VIIRS,n,2.0NRT,290.36,12.47,N
USA,38.32893,-109.10459,367,0.59,0.7,2025-07-11,807,N21,VIIRS,h,2.0NRT,299.17,16.42,N
USA,38.32909,-109.11046,329.11,0.59,0.7,2025-07-11,807,N21,VIIRS,n,2.0NRT,290,16.42,N
USA,38.32925,-109.1168,297.43,0.59,0.7,2025-07-11,807,N21,VIIRS,n,2.0NRT,285.65,3.33,N
USA,38.33432,-109.06564,316.32,0.59,0.7,2025-07-11,807,N21,VIIRS,n,2.0NRT,291.27,10.85,N
USA,38.33449,-109.0718,351.57,0.59,0.7,2025-07-11,807,N21,VIIRS,n,2.0NRT,298.45,10.85,N
USA,38.33469,-109.07909,351.81,0.59,0.7,2025-07-11,807,N21,VIIRS,n,2.0NRT,298.79,13.24,N
USA,38.33489,-109.08636,309.32,0.59,0.7,2025-07-11,807,N21,VIIRS,n,2.0NRT,291.56,13.24,N
USA,38.33506,-109.09261,327.67,0.59,0.7,2025-07-11,807,N21,VIIRS,n,2.0NRT,294.08,10.8,N
USA,38.33522,-109.09831,345.93,0.59,0.7,2025-07-11,807,N21,VIIRS,n,2.0NRT,297.99,10.8,N
USA,38.33536,-109.10378,367,0.59,0.7,2025-07-11,807,N21,VIIRS,h,2.0NRT,302.56,15.21,N
USA,38.33551,-109.10928,354.82,0.59,0.7,2025-07-11,807,N21,VIIRS,n,2.0NRT,300.43,15.21,N
USA,38.33567,-109.11521,367,0.59,0.7,2025-07-11,807,N21,VIIRS,h,2.0NRT,301.81,13.71,N
USA,38.33585,-109.12171,355.02,0.59,0.7,2025-07-11,807,N21,VIIRS,n,2.0NRT,301.47,13.71,N
USA,38.33604,-109.12885,325.91,0.6,0.7,2025-07-11,807,N21,VIIRS,n,2.0NRT,290.23,6.77,N
USA,38.34071,-109.06359,314.37,0.59,0.7,2025-07-11,807,N21,VIIRS,n,2.0NRT,289.48,10.85,N
USA,38.34087,-109.06947,348.75,0.59,0.7,2025-07-11,807,N21,VIIRS,n,2.0NRT,296.25,10.85,N
USA,38.34106,-109.07626,344.47,0.59,0.7,2025-07-11,807,N21,VIIRS,n,2.0NRT,297.43,13.24,N
USA,38.34127,-109.08388,341.99,0.59,0.7,2025-07-11,807,N21,VIIRS,n,2.0NRT,295.87,13.24,N
USA,38.34146,-109.09071,329.22,0.59,0.7,2025-07-11,807,N21,VIIRS,n,2.0NRT,294.64,10.8,N
USA,38.34163,-109.09667,332.97,0.59,0.7,2025-07-11,807,N21,VIIRS,n,2.0NRT,293.47,10.8,N
USA,38.34179,-109.10264,326.96,0.59,0.7,2025-07-11,807,N21,VIIRS,n,2.0NRT,292.22,15.21,N
USA,38.34196,-109.1087,317.39,0.59,0.7,2025-07-11,807,N21,VIIRS,n,2.0NRT,290.26,15.21,N
USA,38.34212,-109.11488,319.51,0.59,0.7,2025-07-11,807,N21,VIIRS,n,2.0NRT,290.61,13.71,N
USA,38.3423,-109.12115,314.54,0.59,0.7,2025-07-11,807,N21,VIIRS,n,2.0NRT,288.07,13.71,N
USA,38.34248,-109.12774,322.26,0.6,0.7,2025-07-11,807,N21,VIIRS,n,2.0NRT,289.12,6.77,N
USA,38.34267,-109.13477,315.18,0.6,0.7,2025-07-11,807,N21,VIIRS,n,2.0NRT,291.25,6.77,N
USA,38.34286,-109.14193,298.51,0.6,0.7,2025-07-11,807,N21,VIIRS,n,2.0NRT,287.24,2.37,N
USA,38.34728,-109.06839,301.49,0.59,0.7,2025-07-11,807,N21,VIIRS,n,2.0NRT,286.5,2.94,N
USA,38.34747,-109.07475,329.96,0.59,0.7,2025-07-11,807,N21,VIIRS,n,2.0NRT,293.16,7.37,N
USA,38.34765,-109.08147,334.62,0.59,0.7,2025-07-11,807,N21,VIIRS,n,2.0NRT,294.89,7.37,N
USA,38.34785,-109.08855,324.95,0.59,0.7,2025-07-11,807,N21,VIIRS,n,2.0NRT,292.03,8.23,N
USA,38.34803,-109.09489,318.01,0.59,0.7,2025-07-11,807,N21,VIIRS,n,2.0NRT,290.67,8.23,N
USA,38.34821,-109.10137,320.6,0.59,0.7,2025-07-11,807,N21,VIIRS,n,2.0NRT,290.67,6.91,N
USA,38.34839,-109.10808,319.18,0.59,0.7,2025-07-11,807,N21,VIIRS,n,2.0NRT,289.53,6.91,N
USA,38.34858,-109.11471,313.35,0.59,0.7,2025-07-11,807,N21,VIIRS,n,2.0NRT,288.36,4.11,N
USA,38.34875,-109.12115,301.58,0.59,0.7,2025-07-11,807,N21,VIIRS,n,2.0NRT,286.83,4.11,N
USA,38.34893,-109.12739,299.17,0.6,0.7,2025-07-11,807,N21,VIIRS,n,2.0NRT,286.48,3.49,N
USA,38.35407,-109.08044,314.59,0.59,0.7,2025-07-11,807,N21,VIIRS,n,2.0NRT,289.39,7.37,N
USA,38.35426,-109.08715,333.14,0.59,0.7,2025-07-11,807,N21,VIIRS,n,2.0NRT,292.45,8.23,N
USA,38.35446,-109.09416,335.07,0.59,0.7,2025-07-11,807,N21,VIIRS,n,2.0NRT,292.47,8.23,N
USA,38.35464,-109.10063,336.39,0.59,0.7,2025-07-11,807,N21,VIIRS,n,2.0NRT,292.63,6.91,N
USA,38.35482,-109.10707,321.99,0.59,0.7,2025-07-11,807,N21,VIIRS,n,2.0NRT,289.58,6.91,N
USA,38.35501,-109.11388,307.56,0.59,0.7,2025-07-11,807,N21,VIIRS,n,2.0NRT,287.21,4.11,N
USA,38.35522,-109.12101,322.73,0.59,0.7,2025-07-11,807,N21,VIIRS,n,2.0NRT,289.49,4.11,N
USA,38.35539,-109.12724,314.56,0.6,0.7,2025-07-11,807,N21,VIIRS,n,2.0NRT,289.11,3.49,N
USA,38.35612,-109.15369,297.16,0.6,0.7,2025-07-11,807,N21,VIIRS,n,2.0NRT,286.79,1.54,N
USA,38.36164,-109.11985,323.6,0.59,0.7,2025-07-11,807,N21,VIIRS,n,2.0NRT,289.21,7.5,N
USA,38.36183,-109.12646,326.17,0.6,0.7,2025-07-11,807,N21,VIIRS,n,2.0NRT,290.34,6.96,N
USA,38.36201,-109.13291,329.03,0.6,0.7,2025-07-11,807,N21,VIIRS,n,2.0NRT,288.79,6.96,N
USA,38.36219,-109.13931,303.36,0.6,0.7,2025-07-11,807,N21,VIIRS,n,2.0NRT,284.7,4.53,N
USA,38.36242,-109.11683,303.45,0.6,0.7,2025-07-11,807,N21,VIIRS,n,2.0NRT,287.15,4.46,N
USA,38.36258,-109.12369,324.75,0.6,0.7,2025-07-11,807,N21,VIIRS,n,2.0NRT,288.6,4.46,N
USA,38.36272,-109.13021,323.13,0.6,0.7,2025-07-11,807,N21,VIIRS,n,2.0NRT,288.15,5.55,N
USA,38.36287,-109.13663,315.21,0.6,0.7,2025-07-11,807,N21,VIIRS,n,2.0NRT,286.84,5.55,N
USA,38.36301,-109.14306,301.22,0.6,0.7,2025-07-11,807,N21,VIIRS,n,2.0NRT,284.78,2.15,N
USA,38.48815,-81.41959,306.14,0.4,0.6,2025-07-11,807,N21,VIIRS,n,2.0NRT,288.95,0.97,N
USA,38.53352,-107.68118,310.57,0.5,0.65,2025-07-11,807,N21,VIIRS,n,2.0NRT,282.59,2.64,N
USA,38.53592,-107.68097,310.24,0.5,0.66,2025-07-11,807,N21,VIIRS,n,2.0NRT,285.21,1.83,N
USA,38.53607,-107.68524,309.99,0.5,0.66,2025-07-11,807,N21,VIIRS,n,2.0NRT,284.96,3.19,N
USA,38.53624,-107.69002,326.02,0.5,0.66,2025-07-11,807,N21,VIIRS,n,2.0NRT,284.64,3.19,N
USA,38.53959,-107.68221,303.25,0.5,0.65,2025-07-11,807,N21,VIIRS,n,2.0NRT,289.28,2.64,N
USA,38.53976,-107.68636,306.69,0.5,0.66,2025-07-11,807,N21,VIIRS,n,2.0NRT,286.46,2.64,N
USA,38.53994,-107.69099,332.23,0.5,0.66,2025-07-11,807,N21,VIIRS,n,2.0NRT,286.22,4.89,N
USA,38.54017,-107.69675,320.47,0.5,0.66,2025-07-11,807,N21,VIIRS,n,2.0NRT,284.66,4.89,N
USA,38.54043,-107.70304,295.6,0.5,0.66,2025-07-11,807,N21,VIIRS,n,2.0NRT,283.46,2.11,N
USA,38.54246,-107.69576,314.63,0.5,0.66,2025-07-11,807,N21,VIIRS,n,2.0NRT,284.71,1.9,N
USA,38.54268,-107.70189,306.47,0.5,0.66,2025-07-11,807,N21,VIIRS,n,2.0NRT,284.01,1.9,N
USA,38.5458,-107.68685,298.45,0.5,0.66,2025-07-11,807,N21,VIIRS,n,2.0NRT,286.59,2,N
USA,38.54671,-107.70917,307.83,0.5,0.66,2025-07-11,807,N21,VIIRS,n,2.0NRT,286.07,1.76,N
USA,38.54698,-107.71569,295.26,0.5,0.66,2025-07-11,807,N21,VIIRS,n,2.0NRT,284.35,2.09,N
USA,38.54892,-107.70785,298.62,0.5,0.66,2025-07-11,807,N21,VIIRS,n,2.0NRT,283.94,1.36,N
USA,38.54914,-107.71416,298.67,0.5,0.66,2025-07-11,807,N21,VIIRS,n,2.0NRT,284.78,1.36,N
USA,38.55186,-107.68772,303.37,0.5,0.66,2025-07-11,807,N21,VIIRS,n,2.0NRT,288.45,2,N
USA,38.55205,-107.69228,302.92,0.5,0.66,2025-07-11,807,N21,VIIRS,n,2.0NRT,285.54,2.3,N
USA,38.5532,-107.72028,309.79,0.5,0.66,2025-07-11,807,N21,VIIRS,n,2.0NRT,286.5,2.09,N
USA,38.55438,-107.69199,309.48,0.5,0.66,2025-07-11,807,N21,VIIRS,n,2.0NRT,288.39,6.19,N
USA,38.55456,-107.69694,313.02,0.5,0.66,2025-07-11,807,N21,VIIRS,n,2.0NRT,286.97,3.24,N
USA,38.55534,-107.71882,301.38,0.5,0.66,2025-07-11,807,N21,VIIRS,n,2.0NRT,284.12,13.17,N
USA,38.55555,-107.72498,302.15,0.5,0.66,2025-07-11,807,N21,VIIRS,n,2.0NRT,284.16,13.17,N
USA,38.55836,-107.69899,341.44,0.5,0.66,2025-07-11,807,N21,VIIRS,n,2.0NRT,293.78,10.31,N
USA,38.55854,-107.70335,295.03,0.5,0.66,2025-07-11,807,N21,VIIRS,n,2.0NRT,284.13,5.42,N
USA,38.55945,-107.72549,317.03,0.5,0.66,2025-07-11,807,N21,VIIRS,n,2.0NRT,286.84,60.15,N
USA,38.55972,-107.7318,318.49,0.5,0.66,2025-07-11,807,N21,VIIRS,n,2.0NRT,286,60.15,N
USA,38.56066,-107.69889,330.8,0.5,0.66,2025-07-11,807,N21,VIIRS,n,2.0NRT,292.37,3.24,N
USA,38.5608,-107.70293,302.66,0.5,0.66,2025-07-11,807,N21,VIIRS,n,2.0NRT,287.53,3.24,N
USA,38.56137,-107.71865,305.09,0.5,0.66,2025-07-11,807,N21,VIIRS,n,2.0NRT,284.76,13.17,N
USA,38.56157,-107.72425,344.01,0.5,0.66,2025-07-11,807,N21,VIIRS,n,2.0NRT,302.37,13.17,N
USA,38.56177,-107.7301,367,0.5,0.66,2025-07-11,807,N21,VIIRS,h,2.0NRT,300.44,55.81,N
USA,38.56503,-107.71441,333.67,0.5,0.66,2025-07-11,807,N21,VIIRS,n,2.0NRT,291.2,45.85,N
USA,38.56526,-107.71986,347.17,0.5,0.66,2025-07-11,807,N21,VIIRS,n,2.0NRT,308.83,45.85,N
USA,38.56549,-107.72547,367,0.5,0.66,2025-07-11,807,N21,VIIRS,h,2.0NRT,338.12,60.15,N
USA,38.56576,-107.73199,367,0.5,0.66,2025-07-11,807,N21,VIIRS,h,2.0NRT,290.81,60.15,N
USA,38.56609,-107.73983,308.27,0.5,0.66,2025-07-11,807,N21,VIIRS,n,2.0NRT,287.46,4.98,N
USA,38.56638,-107.74671,301.8,0.5,0.66,2025-07-11,807,N21,VIIRS,n,2.0NRT,289.37,4.98,N
USA,38.56666,-107.75343,298.4,0.5,0.66,2025-07-11,807,N21,VIIRS,n,2.0NRT,288.31,3.31,N
USA,38.56683,-107.70302,299.77,0.5,0.66,2025-07-11,807,N21,VIIRS,n,2.0NRT,287.48,11.24,N
USA,38.56702,-107.70803,326.62,0.5,0.66,2025-07-11,807,N21,VIIRS,n,2.0NRT,288.16,81.69,N
USA,38.56721,-107.71354,367,0.5,0.66,2025-07-11,807,N21,VIIRS,h,2.0NRT,300.81,81.69,N
USA,38.56741,-107.71902,338.77,0.5,0.66,2025-07-11,807,N21,VIIRS,n,2.0NRT,325.16,134.08,N
USA,38.56761,-107.72456,334.7,0.5,0.66,2025-07-11,807,N21,VIIRS,n,2.0NRT,317.84,134.08,N
USA,38.56786,-107.73141,367,0.5,0.66,2025-07-11,807,N21,VIIRS,h,2.0NRT,287.41,19.5,N
USA,38.56817,-107.74004,311.9,0.5,0.66,2025-07-11,807,N21,VIIRS,n,2.0NRT,289.01,19.5,N
USA,38.56841,-107.74674,303.97,0.5,0.66,2025-07-11,807,N21,VIIRS,n,2.0NRT,289.9,2.85,N
USA,38.56865,-107.7534,299.95,0.5,0.66,2025-07-11,807,N21,VIIRS,n,2.0NRT,289.05,2.85,N
USA,38.57307,-107.70857,367,0.5,0.66,2025-07-11,807,N21,VIIRS,h,2.0NRT,295.31,81.69,N
USA,38.57347,-107.71957,367,0.5,0.66,2025-07-11,807,N21,VIIRS,h,2.0NRT,325.26,134.08,N
USA,38.57367,-107.72514,331.33,0.5,0.66,2025-07-11,807,N21,VIIRS,n,2.0NRT,288.87,134.08,N
USA,38.57392,-107.73185,312.43,0.5,0.66,2025-07-11,807,N21,VIIRS,n,2.0NRT,290.75,19.5,N
USA,38.57423,-107.74033,305.43,0.5,0.66,2025-07-11,807,N21,VIIRS,n,2.0NRT,290.92,19.5,N
USA,38.57932,-107.71446,306.11,0.5,0.66,2025-07-11,807,N21,VIIRS,n,2.0NRT,289.22,5.92,N
USA,38.57952,-107.72007,314.08,0.5,0.66,2025-07-11,807,N21,VIIRS,n,2.0NRT,291.42,3.69,N
USA,38.57973,-107.72551,307.58,0.5,0.66,2025-07-11,807,N21,VIIRS,n,2.0NRT,292.63,3.69,N
USA,38.58002,-85.41133,310.8,0.5,0.49,2025-07-11,807,N21,VIIRS,n,2.0NRT,291.73,2.62,N
USA,38.59134,-107.7133,297.39,0.5,0.66,2025-07-11,807,N21,VIIRS,n,2.0NRT,286.88,1.34,N
USA,38.59581,-82.83114,314.06,0.34,0.56,2025-07-11,807,N21,VIIRS,n,2.0NRT,293.43,1.91,N
USA,38.59975,-82.8254,314.02,0.34,0.56,2025-07-11,807,N21,VIIRS,n,2.0NRT,293.42,1.91,N
USA,38.65655,-108.39288,306.61,0.54,0.68,2025-07-11,807,N21,VIIRS,n,2.0NRT,289.46,3.11,N
USA,38.65668,-108.39789,315.53,0.55,0.68,2025-07-11,807,N21,VIIRS,n,2.0NRT,290.59,3.11,N
USA,38.65837,-108.39004,302.85,0.54,0.68,2025-07-11,807,N21,VIIRS,n,2.0NRT,288.92,2.33,N
USA,38.65854,-108.39512,313.05,0.54,0.68,2025-07-11,807,N21,VIIRS,n,2.0NRT,289.52,2.33,N
USA,38.65872,-108.40058,302.12,0.54,0.68,2025-07-11,807,N21,VIIRS,n,2.0NRT,286.89,1.56,N
USA,38.65891,-108.40637,297.05,0.55,0.68,2025-07-11,807,N21,VIIRS,n,2.0NRT,286.93,1.56,N
USA,38.65911,-108.41231,308.23,0.55,0.68,2025-07-11,807,N21,VIIRS,n,2.0NRT,289.15,2.81,N
USA,38.66198,-108.36441,301.27,0.54,0.68,2025-07-11,807,N21,VIIRS,n,2.0NRT,289.44,1.62,N
USA,38.66215,-108.37025,302.65,0.54,0.68,2025-07-11,807,N21,VIIRS,n,2.0NRT,288.88,1.48,N
USA,38.6623,-108.37544,303.04,0.54,0.68,2025-07-11,807,N21,VIIRS,n,2.0NRT,289.03,1.48,N
USA,38.66245,-108.38067,299.25,0.54,0.68,2025-07-11,807,N21,VIIRS,n,2.0NRT,288.79,1.92,N
USA,38.6626,-108.38609,304.93,0.54,0.68,2025-07-11,807,N21,VIIRS,n,2.0NRT,288.66,1.92,N
USA,38.66309,-108.40331,308.73,0.55,0.68,2025-07-11,807,N21,VIIRS,n,2.0NRT,289.52,3.45,N
USA,38.66326,-108.40933,312.07,0.55,0.68,2025-07-11,807,N21,VIIRS,n,2.0NRT,290.22,3.45,N
USA,38.66343,-108.41546,313.41,0.55,0.68,2025-07-11,807,N21,VIIRS,n,2.0NRT,290.25,4.2,N
USA,38.66363,-108.36112,301.73,0.54,0.68,2025-07-11,807,N21,VIIRS,n,2.0NRT,289.97,1.89,N
USA,38.66382,-108.36665,305.73,0.54,0.68,2025-07-11,807,N21,VIIRS,n,2.0NRT,289.04,1.84,N
USA,38.66401,-108.37235,303.23,0.54,0.68,2025-07-11,807,N21,VIIRS,n,2.0NRT,288.47,1.84,N
USA,38.6642,-108.37774,303.62,0.54,0.68,2025-07-11,807,N21,VIIRS,n,2.0NRT,288.66,2.11,N
USA,38.66438,-108.38316,309.66,0.54,0.68,2025-07-11,807,N21,VIIRS,n,2.0NRT,289.46,2.11,N
USA,38.66496,-108.40038,308.24,0.54,0.68,2025-07-11,807,N21,VIIRS,n,2.0NRT,289.6,3.05,N
USA,38.66516,-108.40643,319.44,0.55,0.68,2025-07-11,807,N21,VIIRS,n,2.0NRT,291.59,3.05,N
USA,38.66537,-108.41257,305.58,0.55,0.68,2025-07-11,807,N21,VIIRS,n,2.0NRT,289.55,3.03,N
USA,38.66801,-108.35726,305.48,0.54,0.68,2025-07-11,807,N21,VIIRS,n,2.0NRT,290.11,1.83,N
USA,38.66817,-108.36249,303.98,0.54,0.68,2025-07-11,807,N21,VIIRS,n,2.0NRT,287.5,1.83,N
USA,38.6685,-108.37419,304.56,0.54,0.68,2025-07-11,807,N21,VIIRS,n,2.0NRT,288.33,2.72,N
USA,38.66867,-108.37988,309.49,0.54,0.68,2025-07-11,807,N21,VIIRS,n,2.0NRT,289.8,2.17,N
USA,38.66883,-108.38561,310.77,0.54,0.68,2025-07-11,807,N21,VIIRS,n,2.0NRT,289.42,2.17,N
USA,38.669,-108.39141,299.68,0.54,0.68,2025-07-11,807,N21,VIIRS,n,2.0NRT,287.84,2.93,N
USA,38.66933,-108.40317,304.66,0.55,0.68,2025-07-11,807,N21,VIIRS,n,2.0NRT,288.07,2.25,N
USA,38.66981,-108.35946,300.53,0.54,0.68,2025-07-11,807,N21,VIIRS,n,2.0NRT,286.8,1.89,N
USA,38.6702,-108.37106,303.17,0.54,0.68,2025-07-11,807,N21,VIIRS,n,2.0NRT,288.07,1.84,N
USA,38.67041,-108.37698,308.15,0.54,0.68,2025-07-11,807,N21,VIIRS,n,2.0NRT,289.44,2.11,N
USA,38.67061,-108.38279,312.62,0.54,0.68,2025-07-11,807,N21,VIIRS,n,2.0NRT,289.96,2.11,N
USA,38.67081,-108.38863,301.7,0.54,0.68,2025-07-11,807,N21,VIIRS,n,2.0NRT,288.89,4.5,N
USA,38.67422,-108.35632,306.28,0.54,0.68,2025-07-11,807,N21,VIIRS,n,2.0NRT,288.08,1.83,N
USA,38.67439,-108.36192,313.05,0.54,0.68,2025-07-11,807,N21,VIIRS,n,2.0NRT,289.88,1.83,N
USA,38.67456,-108.36777,311.7,0.54,0.68,2025-07-11,807,N21,VIIRS,n,2.0NRT,290.3,2.72,N
USA,38.67473,-108.37377,307.05,0.54,0.68,2025-07-11,807,N21,VIIRS,n,2.0NRT,288.83,2.72,N
USA,38.67491,-108.37973,311.37,0.54,0.68,2025-07-11,807,N21,VIIRS,n,2.0NRT,289.81,2.17,N
USA,38.67508,-108.38557,299.31,0.54,0.68,2025-07-11,807,N21,VIIRS,n,2.0NRT,288.93,2.17,N
USA,38.67584,-108.35362,311.86,0.54,0.68,2025-07-11,807,N21,VIIRS,n,2.0NRT,289.27,2.17,N
USA,38.67604,-108.35925,318.95,0.54,0.68,2025-07-11,807,N21,VIIRS,n,2.0NRT,291,2.17,N
USA,38.67624,-108.36504,314.16,0.54,0.68,2025-07-11,807,N21,VIIRS,n,2.0NRT,290.84,2.62,N
USA,38.67644,-108.37093,311.58,0.54,0.68,2025-07-11,807,N21,VIIRS,n,2.0NRT,289.3,2.62,N
USA,38.67665,-108.37698,311.95,0.54,0.68,2025-07-11,807,N21,VIIRS,n,2.0NRT,289.45,1.81,N
USA,38.67685,-108.38287,299.71,0.54,0.68,2025-07-11,807,N21,VIIRS,n,2.0NRT,288.84,1.81,N
USA,38.68046,-108.35628,315.12,0.54,0.68,2025-07-11,807,N21,VIIRS,n,2.0NRT,290.71,2.63,N
USA,38.68063,-108.36217,307.35,0.54,0.68,2025-07-11,807,N21,VIIRS,n,2.0NRT,290.47,2.63,N
USA,38.6808,-108.36797,311.57,0.54,0.68,2025-07-11,807,N21,VIIRS,n,2.0NRT,290.67,2.71,N
USA,38.68098,-108.37391,312,0.54,0.68,2025-07-11,807,N21,VIIRS,n,2.0NRT,290.29,2.71,N
USA,38.68207,-108.35352,302.12,0.54,0.68,2025-07-11,807,N21,VIIRS,n,2.0NRT,288.43,2.17,N
USA,38.68229,-108.35946,300.73,0.54,0.68,2025-07-11,807,N21,VIIRS,n,2.0NRT,289.25,2.17,N
USA,38.68249,-108.36533,304.2,0.54,0.68,2025-07-11,807,N21,VIIRS,n,2.0NRT,289.65,2.62,N
USA,38.68269,-108.3712,306.89,0.54,0.68,2025-07-11,807,N21,VIIRS,n,2.0NRT,289.77,2.62,N
USA,38.6829,-108.37719,299.1,0.54,0.68,2025-07-11,807,N21,VIIRS,n,2.0NRT,288.43,1.81,N
USA,38.69512,-90.13277,318.58,0.45,0.39,2025-07-11,807,N21,VIIRS,n,2.0NRT,296.54,3.15,N
USA,38.73788,-90.45876,309.59,0.44,0.38,2025-07-11,807,N21,VIIRS,n,2.0NRT,293.24,0.67,N
USA,38.74101,-86.45644,308.84,0.44,0.46,2025-07-11,807,N21,VIIRS,n,2.0NRT,293.22,1.61,N
USA,38.74157,-86.45454,302.62,0.43,0.46,2025-07-11,807,N21,VIIRS,n,2.0NRT,292.34,1.39,N
USA,38.75198,-108.86663,331.32,0.58,0.7,2025-07-11,807,N21,VIIRS,n,2.0NRT,289.56,5.32,N
USA,38.75219,-108.87442,305.19,0.58,0.7,2025-07-11,807,N21,VIIRS,n,2.0NRT,287.62,4.58,N
USA,38.7533,-108.91387,303.37,0.58,0.7,2025-07-11,807,N21,VIIRS,n,2.0NRT,290.83,3.03,N
USA,38.75873,-108.87905,329.43,0.58,0.7,2025-07-11,807,N21,VIIRS,n,2.0NRT,290.87,6.04,N
USA,38.76155,-84.99795,310.21,0.51,0.5,2025-07-11,807,N21,VIIRS,n,2.0NRT,292.41,2.56,N
USA,38.83216,-84.24091,301.38,0.56,0.52,2025-07-11,807,N21,VIIRS,n,2.0NRT,290.63,1.36,N
USA,38.83657,-90.06432,308.17,0.45,0.39,2025-07-11,807,N21,VIIRS,n,2.0NRT,295.17,2.93,N
USA,38.88433,-90.14072,329.49,0.45,0.39,2025-07-11,807,N21,VIIRS,n,2.0NRT,293.93,4.28,N
USA,38.99118,-87.72202,307.23,0.56,0.43,2025-07-11,807,N21,VIIRS,n,2.0NRT,291.82,2.12,N
USA,39.36805,-81.52753,306.69,0.38,0.58,2025-07-11,807,N21,VIIRS,n,2.0NRT,288.62,0.95,N
USA,39.43435,-77.97562,301.92,0.57,0.69,2025-07-11,807,N21,VIIRS,n,2.0NRT,289.19,1.49,N
USA,39.46725,-84.38818,316.45,0.53,0.5,2025-07-11,807,N21,VIIRS,n,2.0NRT,292.04,2.98,N
USA,39.4701,-84.40007,305.62,0.53,0.5,2025-07-11,807,N21,VIIRS,n,2.0NRT,293.18,1.45,N
USA,39.47912,-84.3768,315.33,0.53,0.5,2025-07-11,807,N21,VIIRS,n,2.0NRT,291.82,2.99,N
USA,39.48515,-84.36009,306.46,0.53,0.5,2025-07-11,807,N21,VIIRS,n,2.0NRT,292.45,1.41,N
USA,39.48516,-84.36129,310.07,0.53,0.5,2025-07-11,807,N21,VIIRS,n,2.0NRT,292.5,2.46,N
USA,39.56009,-77.17052,305.31,0.62,0.71,2025-07-11,807,N21,VIIRS,n,2.0NRT,288.25,1.65,N
USA,39.56093,-77.16949,303.86,0.62,0.71,2025-07-11,807,N21,VIIRS,n,2.0NRT,288.2,2.16,N
USA,39.58434,-75.63425,302.31,0.73,0.76,2025-07-11,807,N21,VIIRS,n,2.0NRT,288.42,4.31,N
USA,39.73222,-82.15017,300.33,0.34,0.56,2025-07-11,807,N21,VIIRS,n,2.0NRT,288.21,0.75,N
USA,39.74379,-104.68108,307.97,0.35,0.56,2025-07-11,807,N21,VIIRS,n,2.0NRT,286.25,0.93,N
USA,39.84536,-108.29504,299.77,0.55,0.68,2025-07-11,807,N21,VIIRS,n,2.0NRT,284.15,1.01,N
USA,39.9759,-86.83519,313.67,0.39,0.44,2025-07-11,807,N21,VIIRS,n,2.0NRT,284.59,1.69,N
USA,39.97884,-86.82931,300.93,0.39,0.44,2025-07-11,807,N21,VIIRS,n,2.0NRT,284.82,1.69,N
USA,40.08907,-104.88918,303.8,0.36,0.57,2025-07-11,807,N21,VIIRS,n,2.0NRT,285.37,0.89,N
USA,40.08915,-104.88886,303.53,0.36,0.57,2025-07-11,807,N21,VIIRS,n,2.0NRT,285.98,0.87,N
USA,40.13787,-110.38712,310.44,0.71,0.75,2025-07-11,807,N21,VIIRS,n,2.0NRT,287.97,2.02,N
USA,40.20322,-103.82232,319.39,0.63,0.54,2025-07-11,807,N21,VIIRS,n,2.0NRT,285.21,4.4,N
USA,40.30148,-79.87872,300.4,0.43,0.62,2025-07-11,807,N21,VIIRS,n,2.0NRT,286.49,0.72,N
USA,40.31306,-80.60838,307.99,0.39,0.6,2025-07-11,807,N21,VIIRS,n,2.0NRT,278.33,1.35,N
USA,40.31518,-80.60688,296.88,0.39,0.6,2025-07-11,807,N21,VIIRS,n,2.0NRT,278.22,1.31,N
USA,40.3424,-79.89968,301.87,0.43,0.62,2025-07-11,807,N21,VIIRS,n,2.0NRT,284.65,0.59,N
USA,40.3443,-79.90175,297.73,0.43,0.62,2025-07-11,807,N21,VIIRS,n,2.0NRT,284.38,0.57,N
USA,40.39125,-79.8584,306.26,0.43,0.62,2025-07-11,807,N21,VIIRS,n,2.0NRT,286.28,2.72,N
USA,40.39529,-79.85125,306.74,0.43,0.62,2025-07-11,807,N21,VIIRS,n,2.0NRT,285.11,3.48,N
USA,40.39663,-79.85598,323.48,0.43,0.62,2025-07-11,807,N21,VIIRS,n,2.0NRT,285.39,2.72,N
USA,40.75488,-81.43269,316.3,0.35,0.57,2025-07-11,807,N21,VIIRS,n,2.0NRT,279.67,1.62,N
USA,40.89356,-77.70963,310.24,0.53,0.67,2025-07-11,807,N21,VIIRS,n,2.0NRT,287.08,2.05,N
USA,41.22228,-83.20913,309.42,0.55,0.51,2025-07-11,807,N21,VIIRS,n,2.0NRT,285.91,1.72,N
USA,41.2252,-83.2069,312.53,0.55,0.51,2025-07-11,807,N21,VIIRS,n,2.0NRT,285.72,3.12,N
USA,41.27074,-105.60461,295.42,0.4,0.6,2025-07-11,807,N21,VIIRS,n,2.0NRT,280.4,1.4,N
USA,41.44862,-81.6756,297.05,0.32,0.55,2025-07-11,807,N21,VIIRS,n,2.0NRT,273.64,1.7,N
USA,41.44956,-81.67918,329.13,0.32,0.55,2025-07-11,807,N21,VIIRS,n,2.0NRT,275.43,1.7,N
USA,41.45433,-81.67692,301,0.32,0.55,2025-07-11,807,N21,VIIRS,n,2.0NRT,275.16,0.85,N
USA,41.4591,-81.67467,302.48,0.32,0.55,2025-07-11,807,N21,VIIRS,n,2.0NRT,275.14,0.85,N
USA,41.46004,-81.67827,304.42,0.32,0.55,2025-07-11,807,N21,VIIRS,n,2.0NRT,274.59,1.34,N
USA,41.46052,-83.36401,298.7,0.54,0.5,2025-07-11,807,N21,VIIRS,n,2.0NRT,281.33,1.3,N
USA,41.46386,-81.67239,301.67,0.32,0.55,2025-07-11,807,N21,VIIRS,n,2.0NRT,277.38,1.02,N
USA,41.46481,-81.67601,314.19,0.32,0.55,2025-07-11,807,N21,VIIRS,n,2.0NRT,277.08,1.57,N
USA,41.46642,-83.36813,312.73,0.53,0.5,2025-07-11,807,N21,VIIRS,n,2.0NRT,281.43,2.48,N
USA,41.47277,-105.54365,298.33,0.4,0.6,2025-07-11,807,N21,VIIRS,n,2.0NRT,282.33,0.82,N
USA,41.56766,-84.04452,341.39,0.49,0.49,2025-07-11,807,N21,VIIRS,n,2.0NRT,293.46,14.14,N
USA,41.57037,-84.05579,305.19,0.49,0.49,2025-07-11,807,N21,VIIRS,n,2.0NRT,292.64,5.07,N
USA,41.62036,-87.34539,301.2,0.52,0.42,2025-07-11,807,N21,VIIRS,n,2.0NRT,277.03,1.73,N
USA,41.62163,-87.35142,297.62,0.52,0.41,2025-07-11,807,N21,VIIRS,n,2.0NRT,276.42,1.37,N
USA,41.63034,-87.37414,302.6,0.52,0.41,2025-07-11,807,N21,VIIRS,n,2.0NRT,283.74,2.15,N
USA,41.63106,-83.50307,306.03,0.52,0.5,2025-07-11,807,N21,VIIRS,n,2.0NRT,293.08,2.22,N
USA,41.63182,-83.5013,305.68,0.52,0.5,2025-07-11,807,N21,VIIRS,n,2.0NRT,293.26,1.89,N
USA,41.67233,-87.46191,305.82,0.51,0.41,2025-07-11,807,N21,VIIRS,n,2.0NRT,284.57,1.49,N
USA,41.67961,-87.42058,299.44,0.52,0.41,2025-07-11,807,N21,VIIRS,n,2.0NRT,281.09,1.45,N
USA,41.74965,-81.28478,296.73,0.33,0.55,2025-07-11,807,N21,VIIRS,n,2.0NRT,266.05,0.46,N
USA,41.75035,-81.28426,295.07,0.33,0.56,2025-07-11,807,N21,VIIRS,n,2.0NRT,265.69,0.35,N
USA,41.78135,-107.11002,299.81,0.49,0.65,2025-07-11,807,N21,VIIRS,n,2.0NRT,288.07,2.12,N
USA,42.26594,-83.43619,303.27,0.51,0.49,2025-07-11,807,N21,VIIRS,n,2.0NRT,285.69,0.59,N
USA,42.27999,-83.11037,301.39,0.52,0.5,2025-07-11,807,N21,VIIRS,n,2.0NRT,271.88,1.02,N
USA,42.29332,-83.16481,300.42,0.52,0.5,2025-07-11,807,N21,VIIRS,n,2.0NRT,279.28,1.53,N
USA,42.2948,-83.17083,305.78,0.52,0.5,2025-07-11,807,N21,VIIRS,n,2.0NRT,278.89,2.22,N
USA,42.29621,-83.15681,300.99,0.52,0.5,2025-07-11,807,N21,VIIRS,n,2.0NRT,279.34,1.53,N
USA,42.30058,-83.15484,301.38,0.52,0.5,2025-07-11,807,N21,VIIRS,n,2.0NRT,276.45,2.54,N
USA,43.25537,-99.70904,308.19,0.42,0.45,2025-07-11,807,N21,VIIRS,n,2.0NRT,286.72,5.02,N
USA,43.2595,-99.70831,337.41,0.42,0.45,2025-07-11,807,N21,VIIRS,n,2.0NRT,288.97,5.02,N
USA,29.30546,-94.82664,312.86,0.4,0.37,2025-07-11,809,N21,VIIRS,n,2.0NRT,295.12,2.06,N
USA,29.37245,-94.92368,332.98,0.4,0.37,2025-07-11,809,N21,VIIRS,n,2.0NRT,297.15,6.16,N
USA,29.37453,-94.93592,309.17,0.4,0.37,2025-07-11,809,N21,VIIRS,n,2.0NRT,294.83,3.29,N
USA,29.59328,-89.88974,304.81,0.44,0.46,2025-07-11,809,N21,VIIRS,n,2.0NRT,290.84,0.76,N
USA,29.59926,-89.89746,311.66,0.44,0.46,2025-07-11,809,N21,VIIRS,n,2.0NRT,292.17,2.22,N
USA,29.60869,-95.02551,304.46,0.4,0.37,2025-07-11,809,N21,VIIRS,n,2.0NRT,289.41,2.01,N
USA,29.71352,-95.17854,306.05,0.4,0.37,2025-07-11,809,N21,VIIRS,n,2.0NRT,293.19,1.14,N
USA,29.7247,-95.12169,308.67,0.4,0.37,2025-07-11,809,N21,VIIRS,n,2.0NRT,296.41,2.77,N
USA,29.72749,-95.22141,307.1,0.39,0.37,2025-07-11,809,N21,VIIRS,n,2.0NRT,293.29,1.93,N
USA,29.73635,-95.13307,329.91,0.4,0.37,2025-07-11,809,N21,VIIRS,n,2.0NRT,294.32,3.8,N
USA,29.73778,-95.16204,320.68,0.4,0.37,2025-07-11,809,N21,VIIRS,n,2.0NRT,294.2,2.8,N
USA,29.74163,-95.12354,309.23,0.4,0.37,2025-07-11,809,N21,VIIRS,n,2.0NRT,293.61,1.12,N
USA,29.75151,-95.10041,315.42,0.4,0.37,2025-07-11,809,N21,VIIRS,n,2.0NRT,293.8,1.88,N
USA,29.83515,-93.96417,305.26,0.42,0.38,2025-07-11,809,N21,VIIRS,n,2.0NRT,283.43,1.33,N
USA,29.86974,-94.92753,310.14,0.4,0.37,2025-07-11,809,N21,VIIRS,n,2.0NRT,294.81,1.41,N
USA,29.87766,-94.91308,308.06,0.4,0.37,2025-07-11,809,N21,VIIRS,n,2.0NRT,294.01,1.46,N
USA,29.99321,-90.39436,305.03,0.41,0.45,2025-07-11,809,N21,VIIRS,n,2.0NRT,292.2,1.9,N
USA,29.99573,-90.40668,303.78,0.41,0.45,2025-07-11,809,N21,VIIRS,n,2.0NRT,291.08,1.85,N
USA,29.99721,-90.39326,304.96,0.41,0.45,2025-07-11,809,N21,VIIRS,n,2.0NRT,292.67,2.41,N
USA,29.99889,-90.40149,309.83,0.41,0.45,2025-07-11,809,N21,VIIRS,n,2.0NRT,293.32,1.79,N
USA,29.99973,-90.40559,305.88,0.41,0.45,2025-07-11,809,N21,VIIRS,n,2.0NRT,292.46,1.79,N
USA,30.03252,-94.04204,306.08,0.42,0.38,2025-07-11,809,N21,VIIRS,n,2.0NRT,289.19,1.73,N
USA,30.04159,-93.3334,309.73,0.44,0.39,2025-07-11,809,N21,VIIRS,n,2.0NRT,294.69,2.44,N
USA,30.0529,-90.66778,308.63,0.39,0.44,2025-07-11,809,N21,VIIRS,n,2.0NRT,290.98,2.1,N
USA,30.06376,-90.59761,307.24,0.4,0.44,2025-07-11,809,N21,VIIRS,n,2.0NRT,293.01,2.04,N
USA,30.18645,-90.98824,304.87,0.56,0.43,2025-07-11,809,N21,VIIRS,n,2.0NRT,290.74,1.38,N
USA,30.18652,-90.98907,303.24,0.56,0.43,2025-07-11,809,N21,VIIRS,n,2.0NRT,290.6,1.82,N
USA,30.21374,-91.0229,311.62,0.56,0.43,2025-07-11,809,N21,VIIRS,n,2.0NRT,290.89,1.96,N
USA,30.32032,-91.23625,304.58,0.54,0.42,2025-07-11,809,N21,VIIRS,n,2.0NRT,291.94,1.45,N
USA,30.3252,-91.24077,304.9,0.54,0.42,2025-07-11,809,N21,VIIRS,n,2.0NRT,292,1.65,N
USA,30.32888,-91.28035,306.2,0.54,0.42,2025-07-11,809,N21,VIIRS,n,2.0NRT,291.27,1.24,N
USA,30.34051,-94.06401,306.68,0.42,0.37,2025-07-11,809,N21,VIIRS,n,2.0NRT,295.08,1.47,N
USA,30.34159,-97.62074,305.4,0.39,0.36,2025-07-11,809,N21,VIIRS,n,2.0NRT,292.63,0.35,N
USA,30.34303,-88.48781,309.84,0.51,0.49,2025-07-11,809,N21,VIIRS,n,2.0NRT,293.34,4.92,N
USA,30.58415,-91.24345,305.93,0.54,0.42,2025-07-11,809,N21,VIIRS,n,2.0NRT,290.87,1.06,N
USA,30.64375,-97.43147,310.87,0.39,0.36,2025-07-11,809,N21,VIIRS,n,2.0NRT,292.97,1.13,N
USA,30.6962,-90.33095,304.71,0.4,0.44,2025-07-11,809,N21,VIIRS,n,2.0NRT,289.23,0.79,N
USA,30.74837,-92.25101,303.13,0.48,0.4,2025-07-11,809,N21,VIIRS,n,2.0NRT,292.04,1.17,N
USA,30.74946,-92.25411,307.65,0.48,0.4,2025-07-11,809,N21,VIIRS,n,2.0NRT,292.3,1.1,N
USA,30.93934,-88.01295,338.2,0.53,0.5,2025-07-11,809,N21,VIIRS,n,2.0NRT,291.73,7.7,N
USA,30.94382,-88.01159,305.02,0.53,0.5,2025-07-11,809,N21,VIIRS,n,2.0NRT,290.1,1.33,N
USA,31.09685,-84.09662,307.56,0.44,0.63,2025-07-11,809,N21,VIIRS,n,2.0NRT,288.48,1.82,N
USA,31.13926,-99.87802,304.26,0.47,0.39,2025-07-11,809,N21,VIIRS,n,2.0NRT,292.43,0.74,N
USA,31.20076,-103.2131,305.15,0.46,0.47,2025-07-11,809,N21,VIIRS,n,2.0NRT,291.43,0.94,N
USA,31.22777,-103.43793,307.31,0.48,0.48,2025-07-11,809,N21,VIIRS,n,2.0NRT,295.17,0.62,N
USA,31.22979,-93.40889,312.96,0.43,0.38,2025-07-11,809,N21,VIIRS,n,2.0NRT,292.47,1.92,N
USA,31.24763,-103.17937,301.51,0.46,0.47,2025-07-11,809,N21,VIIRS,n,2.0NRT,276.26,1.51,N
USA,31.28734,-103.6757,306.75,0.49,0.49,2025-07-11,809,N21,VIIRS,n,2.0NRT,294.03,1.21,N
USA,31.30891,-101.72459,311.24,0.57,0.43,2025-07-11,809,N21,VIIRS,n,2.0NRT,294.16,1.42,N
USA,31.31182,-101.7262,313.75,0.38,0.43,2025-07-11,809,N21,VIIRS,n,2.0NRT,294.01,1.74,N
USA,31.32655,-103.22277,301.05,0.46,0.47,2025-07-11,809,N21,VIIRS,n,2.0NRT,275.06,0.51,N
USA,31.33964,-101.79551,302.64,0.39,0.44,2025-07-11,809,N21,VIIRS,n,2.0NRT,289.3,1.87,N
USA,31.34008,-101.79955,318.63,0.39,0.44,2025-07-11,809,N21,VIIRS,n,2.0NRT,290.91,6.62,N
USA,31.34407,-101.79894,352.91,0.39,0.44,2025-07-11,809,N21,VIIRS,n,2.0NRT,291.74,6.62,N
USA,31.35232,-96.17147,322.77,0.38,0.36,2025-07-11,809,N21,VIIRS,n,2.0NRT,294.33,1.43,N
USA,31.35381,-94.74246,318.83,0.39,0.37,2025-07-11,809,N21,VIIRS,n,2.0NRT,293.84,1.61,N
USA,31.35712,-94.74171,305.72,0.39,0.37,2025-07-11,809,N21,VIIRS,n,2.0NRT,293.53,1.61,N
USA,31.36222,-101.77987,327.35,0.39,0.44,2025-07-11,809,N21,VIIRS,n,2.0NRT,292.35,2.3,N
USA,31.42049,-96.15296,304.27,0.38,0.36,2025-07-11,809,N21,VIIRS,n,2.0NRT,293.55,0.39,N
USA,31.4459,-103.34383,307.94,0.47,0.48,2025-07-11,809,N21,VIIRS,n,2.0NRT,290.12,1.08,N
USA,31.51989,-103.41283,296.87,0.48,0.48,2025-07-11,809,N21,VIIRS,n,2.0NRT,281.22,0.65,N
USA,31.58214,-87.48908,305.94,0.55,0.51,2025-07-11,809,N21,VIIRS,n,2.0NRT,290.41,1.5,N
USA,31.59895,-93.53506,304.04,0.42,0.38,2025-07-11,809,N21,VIIRS,n,2.0NRT,292.85,0.29,N
USA,31.6135,-102.26587,301.68,0.41,0.45,2025-07-11,809,N21,VIIRS,n,2.0NRT,282.94,0.73,N
USA,31.62216,-103.36469,303.82,0.48,0.48,2025-07-11,809,N21,VIIRS,n,2.0NRT,282.4,1.62,N
USA,31.7078,-97.59112,312.71,0.4,0.37,2025-07-11,809,N21,VIIRS,n,2.0NRT,294.86,1.42,N
USA,31.75797,-102.14604,328.52,0.41,0.45,2025-07-11,809,N21,VIIRS,n,2.0NRT,292.87,3.27,N
USA,31.80779,-103.9024,306,0.51,0.5,2025-07-11,809,N21,VIIRS,n,2.0NRT,293.83,1.16,N
USA,31.94127,-89.75745,301.09,0.4,0.45,2025-07-11,809,N21,VIIRS,n,2.0NRT,288.35,0.57,N
USA,31.97459,-102.0474,308.63,0.41,0.45,2025-07-11,809,N21,VIIRS,n,2.0NRT,292.8,0.87,N
USA,32.17583,-85.02753,303.93,0.37,0.58,2025-07-11,809,N21,VIIRS,n,2.0NRT,288.18,1.22,N
USA,32.17607,-85.02947,303.88,0.37,0.58,2025-07-11,809,N21,VIIRS,n,2.0NRT,287.97,1.15,N
USA,32.20694,-93.47047,312.91,0.42,0.37,2025-07-11,809,N21,VIIRS,n,2.0NRT,293.76,1.23,N
USA,32.24589,-97.55177,323.69,0.4,0.37,2025-07-11,809,N21,VIIRS,n,2.0NRT,295.64,2.41,N
USA,32.27516,-92.7282,306.47,0.44,0.38,2025-07-11,809,N21,VIIRS,n,2.0NRT,293.42,1.08,N
USA,32.31354,-90.13548,304.9,0.57,0.43,2025-07-11,809,N21,VIIRS,n,2.0NRT,287.91,0.84,N
USA,32.31408,-90.13581,300.31,0.57,0.43,2025-07-11,809,N21,VIIRS,n,2.0NRT,287.82,1.3,N
USA,32.33106,-102.14119,304.8,0.41,0.45,2025-07-11,809,N21,VIIRS,n,2.0NRT,280.1,0.95,N
USA,32.40675,-101.28207,316.94,0.56,0.43,2025-07-11,809,N21,VIIRS,n,2.0NRT,293.11,1.16,N
USA,32.42371,-102.11967,304.11,0.41,0.45,2025-07-11,809,N21,VIIRS,n,2.0NRT,289.75,0.72,N
USA,32.42923,-102.09216,305.87,0.41,0.45,2025-07-11,809,N21,VIIRS,n,2.0NRT,289.97,0.8,N
USA,32.43384,-102.0561,303.33,0.41,0.45,2025-07-11,809,N21,VIIRS,n,2.0NRT,290.7,1.3,N
USA,32.43794,-102.05548,314.87,0.41,0.45,2025-07-11,809,N21,VIIRS,n,2.0NRT,290.71,1.3,N
USA,32.44023,-102.03752,302.29,0.41,0.45,2025-07-11,809,N21,VIIRS,n,2.0NRT,291.26,0.57,N
USA,32.45428,-97.04188,317.84,0.39,0.36,2025-07-11,809,N21,VIIRS,n,2.0NRT,295.15,2.14,N
USA,32.45699,-97.03706,321.5,0.39,0.36,2025-07-11,809,N21,VIIRS,n,2.0NRT,297.98,2.39,N
USA,32.4588,-101.47033,305.5,0.38,0.43,2025-07-11,809,N21,VIIRS,n,2.0NRT,291.42,0.69,N
USA,32.48058,-92.15148,306.29,0.46,0.39,2025-07-11,809,N21,VIIRS,n,2.0NRT,292.05,0.82,N
USA,32.55825,-102.72961,300.92,0.45,0.47,2025-07-11,809,N21,VIIRS,n,2.0NRT,287.31,0.4,N
USA,32.61489,-89.15739,315.77,0.42,0.45,2025-07-11,809,N21,VIIRS,n,2.0NRT,288.62,2.13,N
USA,32.68029,-95.83223,307.07,0.38,0.36,2025-07-11,809,N21,VIIRS,n,2.0NRT,294.24,0.58,N
USA,32.75351,-98.38306,306.1,0.42,0.38,2025-07-11,809,N21,VIIRS,n,2.0NRT,294.4,0.94,N
USA,32.97169,-94.64012,309.74,0.39,0.36,2025-07-11,809,N21,VIIRS,n,2.0NRT,294.24,1.21,N
USA,32.9861,-86.12973,305.78,0.61,0.53,2025-07-11,809,N21,VIIRS,n,2.0NRT,288.02,2.41,N
USA,32.98759,-86.13,304.42,0.61,0.54,2025-07-11,809,N21,VIIRS,n,2.0NRT,287.85,1.38,N
USA,33.00318,-79.88002,296.07,0.68,0.74,2025-07-11,809,N21,VIIRS,n,2.0NRT,278.64,1.03,N
USA,33.01259,-85.75739,300.24,0.32,0.55,2025-07-11,809,N21,VIIRS,n,2.0NRT,288.1,0.35,N
USA,33.01727,-108.38724,332.83,0.49,0.65,2025-07-11,809,N21,VIIRS,n,2.0NRT,292.2,5.53,N
USA,33.01754,-108.39278,305.62,0.49,0.65,2025-07-11,809,N21,VIIRS,n,2.0NRT,290.1,7.63,N
USA,33.02025,-108.38271,331.54,0.49,0.65,2025-07-11,809,N21,VIIRS,n,2.0NRT,291.86,11.04,N
USA,33.02054,-108.38783,353.3,0.49,0.65,2025-07-11,809,N21,VIIRS,n,2.0NRT,294.34,13.49,N
USA,33.02295,-108.38081,320.06,0.49,0.65,2025-07-11,809,N21,VIIRS,n,2.0NRT,290.77,5.53,N
USA,33.02321,-108.38585,335.55,0.49,0.65,2025-07-11,809,N21,VIIRS,n,2.0NRT,291.62,5.53,N
USA,33.08838,-86.803,303.17,0.56,0.51,2025-07-11,809,N21,VIIRS,n,2.0NRT,288.85,2.25,N
USA,33.1011,-86.63451,304.21,0.57,0.52,2025-07-11,809,N21,VIIRS,n,2.0NRT,288.3,0.88,N
USA,33.10401,-86.63473,300.9,0.57,0.52,2025-07-11,809,N21,VIIRS,n,2.0NRT,288.3,0.67,N
USA,33.1042,-108.32842,298.99,0.49,0.65,2025-07-11,809,N21,VIIRS,n,2.0NRT,288.34,0.49,N
USA,33.13761,-95.26713,313.21,0.38,0.36,2025-07-11,809,N21,VIIRS,n,2.0NRT,293.75,0.95,N
USA,33.17957,-86.75921,314.79,0.56,0.51,2025-07-11,809,N21,VIIRS,n,2.0NRT,289.72,1.66,N
USA,33.2162,-86.79047,308,0.55,0.51,2025-07-11,809,N21,VIIRS,n,2.0NRT,289.85,1.45,N
USA,33.22142,-86.81329,310.17,0.55,0.51,2025-07-11,809,N21,VIIRS,n,2.0NRT,289.18,1.28,N
USA,33.23469,-87.50899,311.69,0.5,0.49,2025-07-11,809,N21,VIIRS,n,2.0NRT,288.49,2.63,N
USA,33.28222,-87.72126,311.51,0.49,0.49,2025-07-11,809,N21,VIIRS,n,2.0NRT,290.6,2.05,N
USA,33.33017,-108.50861,299.89,0.5,0.66,2025-07-11,809,N21,VIIRS,n,2.0NRT,288.86,1.92,N
USA,33.33137,-108.53099,304.92,0.51,0.66,2025-07-11,809,N21,VIIRS,n,2.0NRT,287.68,3.31,N
USA,33.33201,-108.50682,301.69,0.5,0.66,2025-07-11,809,N21,VIIRS,n,2.0NRT,289.03,1.43,N
USA,33.33271,-108.55619,336.35,0.51,0.66,2025-07-11,809,N21,VIIRS,n,2.0NRT,290.2,8.4,N
USA,33.33295,-108.56062,336.28,0.51,0.66,2025-07-11,809,N21,VIIRS,n,2.0NRT,290.86,5.85,N
USA,33.3331,-108.52957,305.56,0.51,0.66,2025-07-11,809,N21,VIIRS,n,2.0NRT,287.73,1.72,N
USA,33.33318,-108.56496,300.55,0.51,0.66,2025-07-11,809,N21,VIIRS,n,2.0NRT,287.72,5.85,N
USA,33.33334,-108.53471,303.6,0.51,0.66,2025-07-11,809,N21,VIIRS,n,2.0NRT,287.41,1.75,N
USA,33.33429,-108.55477,327.2,0.51,0.66,2025-07-11,809,N21,VIIRS,n,2.0NRT,289.03,9.95,N
USA,33.33451,-108.55923,349.93,0.51,0.66,2025-07-11,809,N21,VIIRS,n,2.0NRT,292.11,9.95,N
USA,33.33471,-108.5635,319.88,0.51,0.66,2025-07-11,809,N21,VIIRS,n,2.0NRT,288.99,4.63,N
USA,33.33491,-108.56772,306.31,0.51,0.66,2025-07-11,809,N21,VIIRS,n,2.0NRT,287.03,4.63,N
USA,33.33648,-108.51321,303.22,0.5,0.66,2025-07-11,809,N21,VIIRS,n,2.0NRT,288.43,1.92,N
USA,33.33678,-108.51888,310.72,0.5,0.66,2025-07-11,809,N21,VIIRS,n,2.0NRT,289.53,4.17,N
USA,33.33818,-108.54483,321.77,0.51,0.66,2025-07-11,809,N21,VIIRS,n,2.0NRT,289.03,5.67,N
USA,33.33844,-108.54972,324.7,0.51,0.66,2025-07-11,809,N21,VIIRS,n,2.0NRT,289.07,8.4,N
USA,33.33858,-108.51718,313.23,0.51,0.66,2025-07-11,809,N21,VIIRS,n,2.0NRT,289.25,2.94,N
USA,33.33869,-108.55437,338.21,0.51,0.66,2025-07-11,809,N21,VIIRS,n,2.0NRT,290.17,8.4,N
USA,33.33892,-108.55873,321.03,0.51,0.66,2025-07-11,809,N21,VIIRS,n,2.0NRT,287.64,5.85,N
USA,33.33915,-108.563,329.23,0.51,0.66,2025-07-11,809,N21,VIIRS,n,2.0NRT,288.33,5.85,N
USA,33.33937,-108.56726,327.48,0.51,0.66,2025-07-11,809,N21,VIIRS,n,2.0NRT,287.45,6.92,N
USA,33.33961,-108.57175,332.58,0.51,0.66,2025-07-11,809,N21,VIIRS,n,2.0NRT,286.84,6.92,N
USA,33.33983,-108.54339,306.31,0.51,0.66,2025-07-11,809,N21,VIIRS,n,2.0NRT,287.63,4.56,N
USA,33.34007,-108.54832,330.51,0.51,0.66,2025-07-11,809,N21,VIIRS,n,2.0NRT,289.52,4.56,N
USA,33.3403,-108.55308,340.27,0.51,0.66,2025-07-11,809,N21,VIIRS,n,2.0NRT,290.27,5.28,N
USA,33.34051,-108.55754,315.7,0.51,0.66,2025-07-11,809,N21,VIIRS,n,2.0NRT,287.47,5.28,N
USA,33.34072,-108.5619,311.69,0.51,0.66,2025-07-11,809,N21,VIIRS,n,2.0NRT,286.24,7.55,N
USA,33.34092,-108.56628,323.06,0.51,0.66,2025-07-11,809,N21,VIIRS,n,2.0NRT,287.15,7.55,N
USA,33.34114,-108.57082,349.92,0.51,0.66,2025-07-11,809,N21,VIIRS,n,2.0NRT,289.46,21.2,N
USA,33.34246,-108.51163,305.43,0.5,0.66,2025-07-11,809,N21,VIIRS,n,2.0NRT,288.73,3.15,N
USA,33.34274,-108.51688,299.6,0.5,0.66,2025-07-11,809,N21,VIIRS,n,2.0NRT,288.08,3,N
USA,33.3443,-108.51011,308.72,0.5,0.66,2025-07-11,809,N21,VIIRS,n,2.0NRT,288.05,2.94,N
USA,33.34443,-108.54816,326.86,0.51,0.66,2025-07-11,809,N21,VIIRS,n,2.0NRT,287.84,3.24,N
USA,33.34469,-108.55287,302.23,0.51,0.66,2025-07-11,809,N21,VIIRS,n,2.0NRT,286.44,3.24,N
USA,33.3451,-108.52655,316.94,0.51,0.66,2025-07-11,809,N21,VIIRS,n,2.0NRT,288.14,4.03,N
USA,33.34518,-108.56207,301.89,0.51,0.66,2025-07-11,809,N21,VIIRS,n,2.0NRT,285.73,7.1,N
USA,33.34544,-108.56693,341.29,0.51,0.66,2025-07-11,809,N21,VIIRS,n,2.0NRT,288.96,29.87,N
USA,33.34571,-108.57197,367,0.51,0.66,2025-07-11,809,N21,VIIRS,h,2.0NRT,291.83,29.87,N
USA,33.34608,-108.54696,299.46,0.51,0.66,2025-07-11,809,N21,VIIRS,n,2.0NRT,286.01,4.56,N
USA,33.34632,-108.5518,301.72,0.51,0.66,2025-07-11,809,N21,VIIRS,n,2.0NRT,286.2,5.28,N
USA,33.34677,-108.56123,298.76,0.51,0.66,2025-07-11,809,N21,VIIRS,n,2.0NRT,285.87,7.55,N
USA,33.347,-108.56613,334.11,0.51,0.66,2025-07-11,809,N21,VIIRS,n,2.0NRT,288.46,7.55,N
USA,33.34724,-108.57126,367,0.51,0.66,2025-07-11,809,N21,VIIRS,h,2.0NRT,295.86,21.2,N
USA,33.34936,-108.52702,318.36,0.51,0.66,2025-07-11,809,N21,VIIRS,n,2.0NRT,287.91,2.88,N
USA,33.35054,-108.51376,301.16,0.51,0.66,2025-07-11,809,N21,VIIRS,n,2.0NRT,286.96,1.61,N
USA,33.35133,-108.56332,313.71,0.51,0.66,2025-07-11,809,N21,VIIRS,n,2.0NRT,286.86,7.1,N
USA,33.35161,-108.56834,347.75,0.51,0.66,2025-07-11,809,N21,VIIRS,n,2.0NRT,299.81,29.87,N
USA,33.35187,-108.57323,367,0.51,0.66,2025-07-11,809,N21,VIIRS,h,2.0NRT,294.19,29.87,N
USA,33.35292,-108.56268,315.24,0.51,0.66,2025-07-11,809,N21,VIIRS,n,2.0NRT,287.19,22.58,N
USA,33.35316,-108.56777,346.05,0.51,0.66,2025-07-11,809,N21,VIIRS,n,2.0NRT,298.04,22.58,N
USA,33.35339,-108.57251,367,0.51,0.66,2025-07-11,809,N21,VIIRS,h,2.0NRT,302.99,29,N
USA,33.35362,-108.57727,298.99,0.51,0.66,2025-07-11,809,N21,VIIRS,n,2.0NRT,284.85,29,N
USA,33.35444,-108.50907,307.62,0.5,0.66,2025-07-11,809,N21,VIIRS,n,2.0NRT,287.44,2.3,N
USA,33.35505,-108.52,299.89,0.51,0.66,2025-07-11,809,N21,VIIRS,n,2.0NRT,286.58,1.41,N
USA,33.35634,-108.50821,305.46,0.5,0.66,2025-07-11,809,N21,VIIRS,n,2.0NRT,287.25,1.61,N
USA,33.35688,-108.51911,304.42,0.51,0.66,2025-07-11,809,N21,VIIRS,n,2.0NRT,286.88,1.28,N
USA,33.35719,-108.55901,304.44,0.51,0.66,2025-07-11,809,N21,VIIRS,n,2.0NRT,287.6,13.4,N
USA,33.35745,-108.5639,345.62,0.51,0.66,2025-07-11,809,N21,VIIRS,n,2.0NRT,292.15,13.4,N
USA,33.35771,-108.56866,367,0.51,0.66,2025-07-11,809,N21,VIIRS,h,2.0NRT,294.45,21.29,N
USA,33.35797,-108.57339,343.97,0.51,0.66,2025-07-11,809,N21,VIIRS,n,2.0NRT,287.58,21.29,N
USA,33.35877,-108.55798,300.13,0.51,0.66,2025-07-11,809,N21,VIIRS,n,2.0NRT,287.81,3.04,N
USA,33.359,-108.56283,340.25,0.51,0.66,2025-07-11,809,N21,VIIRS,n,2.0NRT,291.76,22.58,N
USA,33.35923,-108.56754,367,0.51,0.66,2025-07-11,809,N21,VIIRS,h,2.0NRT,296.94,22.58,N
USA,33.35947,-108.57228,299.68,0.51,0.66,2025-07-11,809,N21,VIIRS,n,2.0NRT,285.72,29,N
USA,33.35951,-108.49086,301.05,0.5,0.66,2025-07-11,809,N21,VIIRS,n,2.0NRT,289.01,2,N
USA,33.35978,-108.49578,318.23,0.5,0.66,2025-07-11,809,N21,VIIRS,n,2.0NRT,290.1,3.97,N
USA,33.36004,-108.50059,323.96,0.5,0.66,2025-07-11,809,N21,VIIRS,n,2.0NRT,290.04,3.97,N
USA,33.36031,-108.50544,304.42,0.5,0.66,2025-07-11,809,N21,VIIRS,n,2.0NRT,287.9,2.3,N
USA,33.3606,-108.51048,308.16,0.5,0.66,2025-07-11,809,N21,VIIRS,n,2.0NRT,288.59,2.3,N
USA,33.36089,-108.51577,299.71,0.5,0.66,2025-07-11,809,N21,VIIRS,n,2.0NRT,286.76,1.41,N
USA,33.36118,-108.52121,301.9,0.51,0.66,2025-07-11,809,N21,VIIRS,n,2.0NRT,287.88,1.41,N
USA,33.36176,-108.49514,320.39,0.5,0.66,2025-07-11,809,N21,VIIRS,n,2.0NRT,290.32,3.47,N
USA,33.362,-108.49998,328.68,0.5,0.66,2025-07-11,809,N21,VIIRS,n,2.0NRT,291.19,5.61,N
USA,33.36224,-108.50484,314.51,0.5,0.66,2025-07-11,809,N21,VIIRS,n,2.0NRT,289.22,5.61,N
USA,33.36248,-108.50977,304.05,0.5,0.66,2025-07-11,809,N21,VIIRS,n,2.0NRT,289.05,1.98,N
USA,33.36274,-108.51495,301.33,0.51,0.66,2025-07-11,809,N21,VIIRS,n,2.0NRT,287.24,1.98,N
USA,33.363,-108.52029,303.51,0.51,0.66,2025-07-11,809,N21,VIIRS,n,2.0NRT,288.22,1.36,N
USA,33.36327,-108.55898,331.05,0.51,0.66,2025-07-11,809,N21,VIIRS,n,2.0NRT,289.12,13.4,N
USA,33.36353,-108.56365,367,0.51,0.66,2025-07-11,809,N21,VIIRS,h,2.0NRT,294.42,13.4,N
USA,33.36378,-108.56836,367,0.51,0.66,2025-07-11,809,N21,VIIRS,h,2.0NRT,291.71,21.29,N
USA,33.36485,-108.55799,304.4,0.51,0.66,2025-07-11,809,N21,VIIRS,n,2.0NRT,287.8,8.23,N
USA,33.36509,-108.56277,367,0.51,0.66,2025-07-11,809,N21,VIIRS,h,2.0NRT,292.81,11.07,N
USA,33.36532,-108.5675,309.99,0.51,0.66,2025-07-11,809,N21,VIIRS,n,2.0NRT,286.59,11.07,N
USA,33.36708,-108.48037,308.91,0.5,0.66,2025-07-11,809,N21,VIIRS,n,2.0NRT,289.12,2.31,N
USA,33.36734,-108.48547,310.6,0.5,0.66,2025-07-11,809,N21,VIIRS,n,2.0NRT,289.53,2.31,N
USA,33.3676,-108.49065,317.65,0.5,0.66,2025-07-11,809,N21,VIIRS,n,2.0NRT,290.07,3.47,N
USA,33.36786,-108.49585,302.27,0.5,0.66,2025-07-11,809,N21,VIIRS,n,2.0NRT,289.49,3.47,N
USA,33.37015,-108.54215,305.6,0.51,0.66,2025-07-11,809,N21,VIIRS,n,2.0NRT,287.93,1.27,N
USA,33.37043,-108.54773,300.58,0.51,0.66,2025-07-11,809,N21,VIIRS,n,2.0NRT,286.43,1.27,N
USA,33.37314,-108.48043,318.95,0.5,0.66,2025-07-11,809,N21,VIIRS,n,2.0NRT,290.41,3.29,N
USA,33.3734,-108.48554,308.71,0.5,0.66,2025-07-11,809,N21,VIIRS,n,2.0NRT,289.87,3.29,N
USA,33.37366,-108.49076,301.71,0.5,0.66,2025-07-11,809,N21,VIIRS,n,2.0NRT,289.41,2.79,N
USA,33.37598,-108.53717,317.35,0.51,0.66,2025-07-11,809,N21,VIIRS,n,2.0NRT,286.75,3.65,N
USA,33.37625,-108.5426,302.74,0.51,0.66,2025-07-11,809,N21,VIIRS,n,2.0NRT,286.59,3.23,N
USA,33.38529,-108.48109,308.11,0.5,0.66,2025-07-11,809,N21,VIIRS,n,2.0NRT,288.79,1.36,N
USA,33.38554,-108.4859,302.21,0.5,0.66,2025-07-11,809,N21,VIIRS,n,2.0NRT,289.54,1.36,N
USA,33.3871,-108.51656,301.72,0.51,0.66,2025-07-11,809,N21,VIIRS,n,2.0NRT,288.81,4.93,N
USA,33.3876,-108.52657,300.68,0.51,0.66,2025-07-11,809,N21,VIIRS,n,2.0NRT,288.72,2.87,N
USA,33.39157,-108.48547,300.9,0.5,0.66,2025-07-11,809,N21,VIIRS,n,2.0NRT,288.18,1.36,N
USA,33.39285,-108.51051,325.88,0.5,0.66,2025-07-11,809,N21,VIIRS,n,2.0NRT,288.44,4.93,N
USA,33.39311,-108.51559,332.17,0.51,0.66,2025-07-11,809,N21,VIIRS,n,2.0NRT,287.07,4.93,N
USA,33.39337,-108.52067,299.95,0.51,0.66,2025-07-11,809,N21,VIIRS,n,2.0NRT,284.76,2.87,N
USA,33.438,-88.57257,330.33,0.44,0.46,2025-07-11,809,N21,VIIRS,n,2.0NRT,291.46,4.34,N
USA,33.45021,-95.95901,309.99,0.39,0.36,2025-07-11,809,N21,VIIRS,n,2.0NRT,294.38,0.68,N
USA,33.48501,-86.93221,305.36,0.54,0.51,2025-07-11,809,N21,VIIRS,n,2.0NRT,290.65,0.98,N
USA,33.51677,-94.54494,312.5,0.39,0.36,2025-07-11,809,N21,VIIRS,n,2.0NRT,293.44,1.44,N
USA,33.53185,-86.75759,323.05,0.55,0.51,2025-07-11,809,N21,VIIRS,n,2.0NRT,291.12,4.23,N
USA,33.54346,-86.80827,310.27,0.54,0.51,2025-07-11,809,N21,VIIRS,n,2.0NRT,291.08,2.3,N
USA,33.58082,-86.78324,303.87,0.54,0.51,2025-07-11,809,N21,VIIRS,n,2.0NRT,291.49,1.54,N
USA,33.58146,-86.78313,303.51,0.54,0.51,2025-07-11,809,N21,VIIRS,n,2.0NRT,291.11,1.51,N
USA,33.60998,-93.7914,305.81,0.4,0.37,2025-07-11,809,N21,VIIRS,n,2.0NRT,293.79,0.94,N
USA,33.66668,-93.44138,305.62,0.41,0.37,2025-07-11,809,N21,VIIRS,n,2.0NRT,293.57,0.49,N
USA,33.69459,-94.41966,305.83,0.39,0.36,2025-07-11,809,N21,VIIRS,n,2.0NRT,294.97,1.19,N
USA,33.71571,-95.97701,310.49,0.39,0.36,2025-07-11,809,N21,VIIRS,n,2.0NRT,295.06,1.06,N
USA,33.85154,-110.90276,320.47,0.7,0.75,2025-07-11,809,N21,VIIRS,n,2.0NRT,292.63,7.37,N
USA,33.85168,-110.90717,341.91,0.7,0.75,2025-07-11,809,N21,VIIRS,n,2.0NRT,294.81,12.03,N
USA,33.85185,-110.91243,367,0.71,0.75,2025-07-11,809,N21,VIIRS,h,2.0NRT,297.19,12.03,N
USA,33.85221,-110.90365,331.66,0.7,0.75,2025-07-11,809,N21,VIIRS,n,2.0NRT,293.29,16.31,N
USA,33.85233,-110.908,341.82,0.71,0.75,2025-07-11,809,N21,VIIRS,n,2.0NRT,295.03,16.31,N
USA,33.85248,-110.91349,367,0.71,0.75,2025-07-11,809,N21,VIIRS,h,2.0NRT,296.37,26.27,N
USA,33.85837,-110.90057,306.95,0.7,0.75,2025-07-11,809,N21,VIIRS,n,2.0NRT,292.68,7.37,N
USA,33.85851,-110.90485,331.23,0.7,0.75,2025-07-11,809,N21,VIIRS,n,2.0NRT,293.81,7.37,N
USA,33.85863,-110.90897,313.85,0.7,0.75,2025-07-11,809,N21,VIIRS,n,2.0NRT,292.68,12.03,N
USA,33.85878,-110.91348,302.36,0.71,0.75,2025-07-11,809,N21,VIIRS,n,2.0NRT,291.48,12.03,N
USA,33.85904,-110.90144,313.29,0.7,0.75,2025-07-11,809,N21,VIIRS,n,2.0NRT,293.12,6.85,N
USA,33.85915,-110.9057,331.57,0.7,0.75,2025-07-11,809,N21,VIIRS,n,2.0NRT,293.97,6.55,N
USA,33.85926,-110.90979,308.49,0.71,0.75,2025-07-11,809,N21,VIIRS,n,2.0NRT,292.54,6.55,N
USA,33.9141,-93.88952,328.85,0.4,0.37,2025-07-11,809,N21,VIIRS,n,2.0NRT,293.91,3.9,N
USA,33.9932,-85.16978,300.5,0.33,0.55,2025-07-11,809,N21,VIIRS,n,2.0NRT,287.8,0.41,N
USA,33.9935,-85.17074,301.69,0.33,0.55,2025-07-11,809,N21,VIIRS,n,2.0NRT,287.77,0.4,N
USA,34.09344,-89.51476,303.6,0.57,0.43,2025-07-11,809,N21,VIIRS,n,2.0NRT,290.88,0.6,N
USA,34.23181,-96.23896,314.75,0.39,0.36,2025-07-11,809,N21,VIIRS,n,2.0NRT,294.35,1.34,N
USA,34.26735,-93.52464,306.8,0.4,0.37,2025-07-11,809,N21,VIIRS,n,2.0NRT,292.21,0.93,N
USA,34.63787,-87.0829,311.34,0.5,0.49,2025-07-11,809,N21,VIIRS,n,2.0NRT,289.41,1.27,N
USA,34.99402,-98.73321,310.91,0.46,0.39,2025-07-11,809,N21,VIIRS,n,2.0NRT,294.06,1.4,N
USA,35.04602,-90.16315,310.11,0.51,0.41,2025-07-11,809,N21,VIIRS,n,2.0NRT,294.06,1.85,N
USA,35.27236,-94.45018,308.13,0.39,0.36,2025-07-11,809,N21,VIIRS,n,2.0NRT,294.33,0.7,N
USA,35.30445,-95.77837,305.74,0.39,0.36,2025-07-11,809,N21,VIIRS,n,2.0NRT,294.69,0.74,N
USA,35.40889,-93.77707,307.38,0.39,0.36,2025-07-11,809,N21,VIIRS,n,2.0NRT,294.09,1.11,N
USA,35.41148,-93.77201,309.5,0.39,0.36,2025-07-11,809,N21,VIIRS,n,2.0NRT,294.15,1.11,N
USA,35.61117,-89.94642,316.39,0.51,0.41,2025-07-11,809,N21,VIIRS,n,2.0NRT,294.64,2.74,N
USA,35.64806,-89.93531,320.86,0.51,0.41,2025-07-11,809,N21,VIIRS,n,2.0NRT,295.52,2.98,N
USA,35.69536,-96.26482,305.83,0.39,0.37,2025-07-11,809,N21,VIIRS,n,2.0NRT,295.26,0.57,N
USA,35.72697,-88.8129,309.71,0.38,0.43,2025-07-11,809,N21,VIIRS,n,2.0NRT,294.12,1.33,N
USA,35.79395,-91.74632,319.82,0.43,0.38,2025-07-11,809,N21,VIIRS,n,2.0NRT,293.35,2.52,N
USA,35.9357,-89.71504,307.04,0.52,0.41,2025-07-11,809,N21,VIIRS,n,2.0NRT,294.64,1.56,N
USA,35.94422,-89.71835,306.1,0.52,0.41,2025-07-11,809,N21,VIIRS,n,2.0NRT,294.84,1.37,N
USA,36.05708,-91.30057,306.29,0.44,0.39,2025-07-11,809,N21,VIIRS,n,2.0NRT,293.47,0.82,N
USA,36.19498,-95.81291,310.68,0.39,0.36,2025-07-11,809,N21,VIIRS,n,2.0NRT,296.56,1.21,N
USA,36.2191,-95.30999,308.33,0.39,0.36,2025-07-11,809,N21,VIIRS,n,2.0NRT,295.24,1.7,N
USA,36.28481,-106.78249,300.23,0.42,0.61,2025-07-11,809,N21,VIIRS,n,2.0NRT,288.16,1.06,N
USA,36.28506,-106.78706,297.74,0.42,0.61,2025-07-11,809,N21,VIIRS,n,2.0NRT,287.06,1.06,N
USA,36.28819,-106.78268,302.55,0.42,0.61,2025-07-11,809,N21,VIIRS,n,2.0NRT,288.64,1.13,N
USA,36.28842,-106.78732,301.54,0.42,0.61,2025-07-11,809,N21,VIIRS,n,2.0NRT,288.14,1.13,N
USA,36.2902,-106.77782,297.16,0.42,0.61,2025-07-11,809,N21,VIIRS,n,2.0NRT,286.92,1.39,N
USA,36.29046,-106.7824,304.71,0.42,0.61,2025-07-11,809,N21,VIIRS,n,2.0NRT,288.38,1.06,N
USA,36.29072,-106.78704,304.66,0.42,0.61,2025-07-11,809,N21,VIIRS,n,2.0NRT,288.87,1.06,N
USA,36.29099,-106.79173,299.52,0.42,0.61,2025-07-11,809,N21,VIIRS,n,2.0NRT,288.19,1.82,N
USA,36.29384,-106.78269,302.29,0.42,0.61,2025-07-11,809,N21,VIIRS,n,2.0NRT,286.52,1.13,N
USA,36.29408,-106.78741,303.37,0.42,0.61,2025-07-11,809,N21,VIIRS,n,2.0NRT,288.3,1.13,N
USA,36.29432,-106.79207,298.24,0.42,0.61,2025-07-11,809,N21,VIIRS,n,2.0NRT,288.14,2.31,N
USA,36.29611,-106.78239,297.74,0.42,0.61,2025-07-11,809,N21,VIIRS,n,2.0NRT,286.59,1.06,N
USA,36.29638,-106.78713,298.88,0.42,0.61,2025-07-11,809,N21,VIIRS,n,2.0NRT,286.81,1.06,N
USA,36.29924,-106.77778,297.8,0.42,0.61,2025-07-11,809,N21,VIIRS,n,2.0NRT,287.03,1.35,N
USA,36.29948,-106.78258,298.95,0.42,0.61,2025-07-11,809,N21,VIIRS,n,2.0NRT,287.79,1.95,N
USA,36.30149,-106.7774,298.6,0.42,0.61,2025-07-11,809,N21,VIIRS,n,2.0NRT,286.6,1.43,N
USA,36.30463,-106.77268,298.02,0.42,0.61,2025-07-11,809,N21,VIIRS,n,2.0NRT,286.96,1.35,N
USA,36.30685,-106.77248,298.53,0.42,0.61,2025-07-11,809,N21,VIIRS,n,2.0NRT,287.61,1.39,N
USA,36.30979,-106.76306,298.22,0.42,0.61,2025-07-11,809,N21,VIIRS,n,2.0NRT,287.17,2.02,N
USA,36.51859,-97.83767,324.53,0.44,0.38,2025-07-11,809,N21,VIIRS,n,2.0NRT,295.51,2.21,N
USA,36.51922,-97.84254,308.87,0.44,0.38,2025-07-11,809,N21,VIIRS,n,2.0NRT,294.87,2.21,N
USA,36.66207,-97.06971,300.69,0.42,0.37,2025-07-11,809,N21,VIIRS,n,2.0NRT,288.26,0.82,N
USA,36.99844,-95.03016,305.08,0.39,0.36,2025-07-11,809,N21,VIIRS,n,2.0NRT,294.35,0.81,N
USA,37.00172,-95.02939,309.22,0.39,0.36,2025-07-11,809,N21,VIIRS,n,2.0NRT,294.4,1.15,N
USA,37.00237,-95.03368,314.83,0.39,0.36,2025-07-11,809,N21,VIIRS,n,2.0NRT,294.58,1.38,N
USA,37.29818,-109.26263,303.78,0.6,0.7,2025-07-11,809,N21,VIIRS,n,2.0NRT,289.93,1.01,N
USA,27.81158,-97.43064,307.41,0.38,0.36,2025-07-11,811,N21,VIIRS,n,2.0NRT,294.8,1.71,N
USA,27.81599,-97.48152,307.89,0.39,0.36,2025-07-11,811,N21,VIIRS,n,2.0NRT,295.2,1.15,N
USA,27.81658,-97.48538,308.52,0.39,0.36,2025-07-11,811,N21,VIIRS,n,2.0NRT,295.61,1.15,N
USA,27.8209,-97.20623,329.81,0.38,0.36,2025-07-11,811,N21,VIIRS,n,2.0NRT,294.67,3.62,N
USA,27.82566,-97.19337,314.78,0.38,0.36,2025-07-11,811,N21,VIIRS,n,2.0NRT,294.24,1.84,N
USA,27.8288,-97.49895,310.22,0.39,0.36,2025-07-11,811,N21,VIIRS,n,2.0NRT,293.39,1.45,N
USA,27.88908,-97.26933,321.72,0.38,0.36,2025-07-11,811,N21,VIIRS,n,2.0NRT,294.94,2.09,N
USA,27.88968,-97.27319,307.45,0.38,0.36,2025-07-11,811,N21,VIIRS,n,2.0NRT,294.1,2.09,N
USA,27.93202,-97.32858,306.85,0.38,0.36,2025-07-11,811,N21,VIIRS,n,2.0NRT,294.12,1.96,N
USA,28.05753,-97.43653,324.04,0.39,0.36,2025-07-11,811,N21,VIIRS,n,2.0NRT,294.07,2.87,N
USA,28.31873,-97.29888,308.17,0.38,0.36,2025-07-11,811,N21,VIIRS,n,2.0NRT,293.12,0.81,N
USA,28.32201,-97.29824,338.36,0.38,0.36,2025-07-11,811,N21,VIIRS,n,2.0NRT,294.68,3.68,N
USA,28.41169,-98.16464,309.45,0.39,0.36,2025-07-11,811,N21,VIIRS,n,2.0NRT,293.59,0.9,N
USA,28.51361,-96.79483,307.8,0.38,0.36,2025-07-11,811,N21,VIIRS,n,2.0NRT,294.34,1.8,N
USA,28.53796,-98.49707,309.74,0.4,0.37,2025-07-11,811,N21,VIIRS,n,2.0NRT,293.45,1.3,N
USA,28.59358,-98.38305,323.83,0.4,0.37,2025-07-11,811,N21,VIIRS,n,2.0NRT,293.83,1.73,N
USA,28.70029,-96.52994,312.36,0.38,0.36,2025-07-11,811,N21,VIIRS,n,2.0NRT,294.16,1.73,N
USA,28.9734,-97.82256,304.14,0.39,0.36,2025-07-11,811,N21,VIIRS,n,2.0NRT,292.81,0.46,N
USA,29.00199,-95.4006,308,0.4,0.37,2025-07-11,811,N21,VIIRS,n,2.0NRT,294.61,2.3,N
USA,29.00265,-95.40461,308.75,0.4,0.37,2025-07-11,811,N21,VIIRS,n,2.0NRT,294.46,2.2,N
USA,29.0663,-95.7501,308.51,0.39,0.36,2025-07-11,811,N21,VIIRS,n,2.0NRT,295.63,2.84,N
USA,29.33924,-97.10937,305.81,0.39,0.36,2025-07-11,811,N21,VIIRS,n,2.0NRT,291.86,0.44,N
USA,29.33984,-97.1133,304.99,0.39,0.36,2025-07-11,811,N21,VIIRS,n,2.0NRT,292.49,0.76,N
USA,29.57584,-98.03462,318.67,0.4,0.37,2025-07-11,811,N21,VIIRS,n,2.0NRT,293.68,1.46,N
USA,39.74559,-104.67989,299.23,0.48,0.65,2025-07-11,947,N21,VIIRS,n,2.0NRT,284.5,0.6,N
USA,40.08951,-104.88934,299.3,0.46,0.63,2025-07-11,947,N21,VIIRS,n,2.0NRT,284.8,0.89,N
USA,40.20015,-105.23781,298.78,0.43,0.62,2025-07-11,947,N21,VIIRS,n,2.0NRT,287.87,1.03,N
USA,40.20203,-103.82132,311.88,0.51,0.66,2025-07-11,947,N21,VIIRS,n,2.0NRT,283.78,3.04,N
USA,41.27021,-105.6041,302.84,0.39,0.59,2025-07-11,947,N21,VIIRS,n,2.0NRT,281.3,1.24,N
USA,41.47483,-105.54309,295.46,0.39,0.59,2025-07-11,947,N21,VIIRS,n,2.0NRT,281.68,0.75,N
USA,42.6826,-111.59085,320.87,0.55,0.43,2025-07-11,947,N21,VIIRS,n,2.0NRT,284.37,12.43,N
USA,42.68378,-111.59109,342.16,0.55,0.43,2025-07-11,947,N21,VIIRS,n,2.0NRT,288.8,19.49,N
USA,42.68639,-111.58941,338.77,0.55,0.43,2025-07-11,947,N21,VIIRS,n,2.0NRT,289.72,12.43,N
USA,42.68757,-111.58965,306.88,0.55,0.43,2025-07-11,947,N21,VIIRS,n,2.0NRT,285.23,2.73,N
USA,43.14775,-115.66514,298.54,0.4,0.37,2025-07-11,947,N21,VIIRS,n,2.0NRT,288,0.53,N
USA,43.1486,-115.66997,300.48,0.4,0.37,2025-07-11,947,N21,VIIRS,n,2.0NRT,288.37,0.53,N
USA,43.18027,-115.73099,302.98,0.4,0.37,2025-07-11,947,N21,VIIRS,n,2.0NRT,287.78,0.5,N
USA,43.25845,-99.70787,335.02,0.65,0.73,2025-07-11,947,N21,VIIRS,n,2.0NRT,287.38,6.73,N
USA,43.69902,-116.28505,301.15,0.39,0.36,2025-07-11,947,N21,VIIRS,n,2.0NRT,288.69,0.44,N
USA,44.06326,-122.98286,300.46,0.51,0.41,2025-07-11,947,N21,VIIRS,n,2.0NRT,286.87,1.05,N
USA,44.06337,-122.98322,299.7,0.51,0.41,2025-07-11,947,N21,VIIRS,n,2.0NRT,287.35,0.47,N
USA,44.54169,-117.42046,307.39,0.38,0.36,2025-07-11,947,N21,VIIRS,n,2.0NRT,290.86,1.02,N
USA,45.08994,-114.8017,303.02,0.4,0.37,2025-07-11,947,N21,VIIRS,n,2.0NRT,283.37,0.84,N
USA,45.09169,-114.81148,298.53,0.4,0.37,2025-07-11,947,N21,VIIRS,n,2.0NRT,283.03,1.05,N
USA,45.09317,-114.80018,314.5,0.4,0.37,2025-07-11,947,N21,VIIRS,n,2.0NRT,285.36,1.57,N
USA,45.09403,-114.805,322.94,0.4,0.37,2025-07-11,947,N21,VIIRS,n,2.0NRT,286.51,1.66,N
USA,45.0949,-114.80989,314.66,0.4,0.37,2025-07-11,947,N21,VIIRS,n,2.0NRT,285.69,1.66,N
USA,45.09726,-114.80346,305.31,0.4,0.37,2025-07-11,947,N21,VIIRS,n,2.0NRT,285.75,1.66,N
USA,45.09813,-114.80833,308.21,0.4,0.37,2025-07-11,947,N21,VIIRS,n,2.0NRT,285.41,1.66,N
USA,45.1005,-114.80196,303.84,0.4,0.37,2025-07-11,947,N21,VIIRS,n,2.0NRT,285.71,0.64,N
USA,45.10136,-114.80682,300.3,0.4,0.37,2025-07-11,947,N21,VIIRS,n,2.0NRT,285.92,0.64,N
USA,45.10286,-114.79558,309.31,0.4,0.37,2025-07-11,947,N21,VIIRS,n,2.0NRT,288.17,1.57,N
USA,45.10374,-114.80049,298.07,0.4,0.37,2025-07-11,947,N21,VIIRS,n,2.0NRT,286.09,0.64,N
USA,45.10461,-114.80541,300.73,0.4,0.37,2025-07-11,947,N21,VIIRS,n,2.0NRT,286.55,0.64,N
USA,45.10615,-114.79433,309.3,0.4,0.37,2025-07-11,947,N21,VIIRS,n,2.0NRT,288.72,1.98,N
USA,45.10704,-114.79932,309.3,0.4,0.37,2025-07-11,947,N21,VIIRS,n,2.0NRT,287.83,1.54,N
USA,45.46083,-114.98558,299.12,0.4,0.37,2025-07-11,947,N21,VIIRS,n,2.0NRT,286.44,0.82,N
USA,45.46409,-114.98432,328.75,0.4,0.37,2025-07-11,947,N21,VIIRS,n,2.0NRT,288.17,2.67,N
USA,45.46498,-114.98943,332.21,0.4,0.37,2025-07-11,947,N21,VIIRS,n,2.0NRT,288.69,1.77,N
USA,45.46591,-114.99473,315.03,0.4,0.37,2025-07-11,947,N21,VIIRS,n,2.0NRT,287.15,1.77,N
USA,45.46736,-114.98311,310.92,0.4,0.37,2025-07-11,947,N21,VIIRS,n,2.0NRT,288.11,2.67,N
USA,45.46827,-114.98831,301.56,0.4,0.37,2025-07-11,947,N21,VIIRS,n,2.0NRT,286.62,1.77,N
USA,45.46885,-114.97171,320.48,0.4,0.37,2025-07-11,947,N21,VIIRS,n,2.0NRT,288.5,4.65,N
USA,45.4692,-114.99364,302.36,0.4,0.37,2025-07-11,947,N21,VIIRS,n,2.0NRT,285.38,1.77,N
USA,45.46973,-114.97673,304.97,0.4,0.37,2025-07-11,947,N21,VIIRS,n,2.0NRT,288.45,2.48,N
USA,45.4721,-114.97036,344.08,0.4,0.37,2025-07-11,947,N21,VIIRS,n,2.0NRT,291.06,4.65,N
USA,45.47248,-114.99249,338.36,0.4,0.37,2025-07-11,947,N21,VIIRS,n,2.0NRT,288.27,3.96,N
USA,45.47299,-114.97546,338.82,0.4,0.37,2025-07-11,947,N21,VIIRS,n,2.0NRT,291.14,2.48,N
USA,45.47341,-114.9978,317.19,0.4,0.37,2025-07-11,947,N21,VIIRS,n,2.0NRT,285.3,1.68,N
USA,45.4739,-114.98067,302.85,0.4,0.37,2025-07-11,947,N21,VIIRS,n,2.0NRT,287.4,2.48,N
USA,45.47576,-114.99132,319.83,0.4,0.37,2025-07-11,947,N21,VIIRS,n,2.0NRT,287.89,3.96,N
USA,45.47626,-114.97423,335.37,0.4,0.37,2025-07-11,947,N21,VIIRS,n,2.0NRT,293.13,21.01,N
USA,45.47668,-114.99662,307.01,0.4,0.37,2025-07-11,947,N21,VIIRS,n,2.0NRT,285.18,1.68,N
USA,45.47718,-114.97948,338.51,0.4,0.37,2025-07-11,947,N21,VIIRS,n,2.0NRT,300.19,21.01,N
USA,45.4781,-114.98477,325.88,0.4,0.37,2025-07-11,947,N21,VIIRS,n,2.0NRT,287.21,4.42,N
USA,45.47902,-114.99007,329.11,0.4,0.37,2025-07-11,947,N21,VIIRS,n,2.0NRT,288.42,4.42,N
USA,45.63408,-120.22401,301.43,0.43,0.38,2025-07-11,947,N21,VIIRS,n,2.0NRT,288.38,0.69,N
USA,45.64721,-120.21514,312.41,0.43,0.38,2025-07-11,947,N21,VIIRS,n,2.0NRT,287.29,1.37,N
USA,45.94511,-111.4742,305.11,0.49,0.4,2025-07-11,947,N21,VIIRS,n,2.0NRT,284.5,2.07,N
USA,46.32858,-111.61669,296.3,0.47,0.4,2025-07-11,947,N21,VIIRS,n,2.0NRT,281.7,1.02,N
USA,47.46925,-122.05019,313.83,0.52,0.41,2025-07-11,947,N21,VIIRS,n,2.0NRT,284.87,1.73,N
USA,47.56744,-122.34108,310.86,0.53,0.42,2025-07-11,947,N21,VIIRS,n,2.0NRT,288.19,1.95,N
USA,47.74932,-118.08557,309.12,0.4,0.37,2025-07-11,947,N21,VIIRS,n,2.0NRT,288.01,2.01,N
USA,47.75005,-118.09087,325.52,0.4,0.37,2025-07-11,947,N21,VIIRS,n,2.0NRT,290.17,2.01,N
USA,47.75265,-118.08461,295.29,0.4,0.37,2025-07-11,947,N21,VIIRS,n,2.0NRT,284.81,0.67,N
USA,47.75338,-118.08991,302.36,0.4,0.37,2025-07-11,947,N21,VIIRS,n,2.0NRT,287.27,0.67,N
USA,47.75501,-118.05155,306.13,0.4,0.37,2025-07-11,947,N21,VIIRS,n,2.0NRT,284.69,1,N
USA,47.75671,-118.08894,297.99,0.4,0.37,2025-07-11,947,N21,VIIRS,n,2.0NRT,286.82,0.67,N
USA,47.75745,-118.09428,296.25,0.4,0.37,2025-07-11,947,N21,VIIRS,n,2.0NRT,285.64,0.86,N
USA,47.76048,-118.06603,296.48,0.4,0.37,2025-07-11,947,N21,VIIRS,n,2.0NRT,285.63,0.51,N
USA,47.76225,-118.10393,327.07,0.4,0.37,2025-07-11,947,N21,VIIRS,n,2.0NRT,289.17,3.1,N
USA,47.76239,-118.05482,295.97,0.4,0.37,2025-07-11,947,N21,VIIRS,n,2.0NRT,284.66,0.69,N
USA,47.76311,-118.06001,296.54,0.4,0.37,2025-07-11,947,N21,VIIRS,n,2.0NRT,284.97,0.82,N
USA,47.76557,-118.10294,325.77,0.4,0.37,2025-07-11,947,N21,VIIRS,n,2.0NRT,288.3,3.1,N
USA,47.76644,-118.05907,300.96,0.4,0.37,2025-07-11,947,N21,VIIRS,n,2.0NRT,285.35,0.82,N
USA,47.77698,-118.11031,329.52,0.4,0.37,2025-07-11,947,N21,VIIRS,n,2.0NRT,289.48,5.25,N
USA,47.78699,-118.10752,296.69,0.4,0.37,2025-07-11,947,N21,VIIRS,n,2.0NRT,286.44,0.73,N
USA,47.80372,-116.86741,300.46,0.39,0.36,2025-07-11,947,N21,VIIRS,n,2.0NRT,286.05,0.61,N
USA,48.15445,-120.74836,302.07,0.47,0.4,2025-07-11,947,N21,VIIRS,n,2.0NRT,280.33,0.96,N
USA,48.81752,-117.99519,299.32,0.4,0.37,2025-07-11,947,N21,VIIRS,n,2.0NRT,288.84,1.22,N
USA,48.82419,-117.993,296.38,0.4,0.37,2025-07-11,947,N21,VIIRS,n,2.0NRT,285.1,0.49,N
USA,48.8249,-117.99829,296.15,0.4,0.37,2025-07-11,947,N21,VIIRS,n,2.0NRT,284.66,0.47,N
USA,48.83823,-117.99391,295.74,0.4,0.37,2025-07-11,947,N21,VIIRS,n,2.0NRT,285.13,0.64,N
USA,48.84822,-117.99049,297.8,0.4,0.37,2025-07-11,947,N21,VIIRS,n,2.0NRT,285.94,0.76,N
USA,48.85487,-117.98821,297.2,0.4,0.37,2025-07-11,947,N21,VIIRS,n,2.0NRT,286.01,1.03,N
USA,48.86875,-117.96203,295.39,0.4,0.37,2025-07-11,947,N21,VIIRS,n,2.0NRT,284.97,1.02,N
USA,48.86946,-117.9673,301.5,0.4,0.37,2025-07-11,947,N21,VIIRS,n,2.0NRT,286.41,1.02,N
USA,48.86967,-117.99467,304.28,0.41,0.37,2025-07-11,947,N21,VIIRS,n,2.0NRT,285.81,0.91,N
USA,48.86985,-117.90932,307.38,0.4,0.37,2025-07-11,947,N21,VIIRS,n,2.0NRT,284.96,1.62,N
USA,48.87056,-117.91461,315.3,0.4,0.37,2025-07-11,947,N21,VIIRS,n,2.0NRT,289.16,1.62,N
USA,48.87208,-117.96091,312.21,0.4,0.37,2025-07-11,947,N21,VIIRS,n,2.0NRT,286.73,1.02,N
USA,48.8728,-117.96623,312.07,0.4,0.37,2025-07-11,947,N21,VIIRS,n,2.0NRT,286.46,1.02,N
USA,48.87303,-117.99373,310.35,0.41,0.37,2025-07-11,947,N21,VIIRS,n,2.0NRT,285.31,1.22,N
USA,48.87377,-117.96455,297.06,0.4,0.37,2025-07-11,947,N21,VIIRS,n,2.0NRT,284.25,0.38,N
USA,48.87388,-117.91344,300.71,0.4,0.37,2025-07-11,947,N21,VIIRS,n,2.0NRT,286.07,0.78,N
USA,48.88493,-117.9439,302.31,0.4,0.37,2025-07-11,947,N21,VIIRS,n,2.0NRT,286.87,1.07,N
USA,48.88568,-122.73776,306.28,0.57,0.43,2025-07-11,947,N21,VIIRS,n,2.0NRT,289.82,2.64,N
USA,48.88573,-117.89806,306.21,0.4,0.37,2025-07-11,947,N21,VIIRS,n,2.0NRT,286.76,1.35,N
USA,48.88599,-117.92585,295.24,0.4,0.37,2025-07-11,947,N21,VIIRS,n,2.0NRT,283.28,0.65,N
USA,48.88643,-117.90324,308.44,0.4,0.37,2025-07-11,947,N21,VIIRS,n,2.0NRT,287.26,1.14,N
USA,48.88713,-117.90849,296.22,0.4,0.37,2025-07-11,947,N21,VIIRS,n,2.0NRT,285.44,1.14,N
USA,48.88749,-117.93707,312.51,0.4,0.37,2025-07-11,947,N21,VIIRS,n,2.0NRT,288.8,1.07,N
USA,48.88826,-117.94276,298.63,0.4,0.37,2025-07-11,947,N21,VIIRS,n,2.0NRT,286.76,1.07,N
USA,48.88906,-117.89697,317.69,0.4,0.37,2025-07-11,947,N21,VIIRS,n,2.0NRT,285.03,1.35,N
USA,48.88927,-117.97633,298.04,0.41,0.37,2025-07-11,947,N21,VIIRS,n,2.0NRT,285.89,0.67,N
USA,48.88976,-117.90218,310.25,0.4,0.37,2025-07-11,947,N21,VIIRS,n,2.0NRT,285.27,1.14,N
USA,48.89046,-117.90739,302.99,0.4,0.37,2025-07-11,947,N21,VIIRS,n,2.0NRT,285.77,1.14,N
USA,48.89081,-117.93587,319.2,0.4,0.37,2025-07-11,947,N21,VIIRS,n,2.0NRT,288.29,1.89,N
USA,48.89157,-117.94154,310.61,0.4,0.37,2025-07-11,947,N21,VIIRS,n,2.0NRT,287.4,1.89,N
USA,48.8926,-117.97514,297.25,0.41,0.37,2025-07-11,947,N21,VIIRS,n,2.0NRT,285.98,0.67,N
USA,48.89413,-117.93469,317.43,0.4,0.37,2025-07-11,947,N21,VIIRS,n,2.0NRT,285.32,1.89,N
USA,48.89592,-117.97395,309.66,0.41,0.37,2025-07-11,947,N21,VIIRS,n,2.0NRT,287.49,1.75,N
USA,33.02116,-108.38341,319.65,0.46,0.64,2025-07-11,949,N21,VIIRS,n,2.0NRT,290.12,6.68,N
USA,33.02244,-108.38828,337.19,0.46,0.64,2025-07-11,949,N21,VIIRS,n,2.0NRT,291.31,7.61,N
USA,33.33046,-108.50456,305.3,0.45,0.63,2025-07-11,949,N21,VIIRS,n,2.0NRT,288.96,2.1,N
USA,33.33052,-108.52802,299.97,0.44,0.63,2025-07-11,949,N21,VIIRS,n,2.0NRT,287.05,2.61,N
USA,33.33121,-108.55389,307.43,0.44,0.63,2025-07-11,949,N21,VIIRS,n,2.0NRT,288.36,3.85,N
USA,33.33177,-108.53283,307.08,0.44,0.63,2025-07-11,949,N21,VIIRS,n,2.0NRT,287.39,2.87,N
USA,33.33272,-108.5597,325.41,0.44,0.63,2025-07-11,949,N21,VIIRS,n,2.0NRT,289.39,3.85,N
USA,33.33282,-108.50285,301.07,0.45,0.63,2025-07-11,949,N21,VIIRS,n,2.0NRT,288.97,1.4,N
USA,33.33375,-108.51726,302.73,0.45,0.63,2025-07-11,949,N21,VIIRS,n,2.0NRT,288.5,1.91,N
USA,33.33396,-108.50713,304.83,0.45,0.63,2025-07-11,949,N21,VIIRS,n,2.0NRT,288.74,2.71,N
USA,33.33424,-108.53083,314.06,0.44,0.63,2025-07-11,949,N21,VIIRS,n,2.0NRT,287.82,3.02,N
USA,33.33437,-108.56611,336.2,0.44,0.63,2025-07-11,949,N21,VIIRS,n,2.0NRT,288.72,6.23,N
USA,33.33537,-108.55774,344.41,0.44,0.63,2025-07-11,949,N21,VIIRS,n,2.0NRT,290.66,8.58,N
USA,33.33561,-108.54768,307.06,0.44,0.63,2025-07-11,949,N21,VIIRS,n,2.0NRT,288.64,3.4,N
USA,33.3362,-108.51555,314.13,0.44,0.63,2025-07-11,949,N21,VIIRS,n,2.0NRT,289.09,1.91,N
USA,33.33702,-108.55315,320.14,0.44,0.63,2025-07-11,949,N21,VIIRS,n,2.0NRT,288.98,5.12,N
USA,33.33706,-108.5641,345.41,0.44,0.63,2025-07-11,949,N21,VIIRS,n,2.0NRT,289.56,8.58,N
USA,33.33725,-108.50753,301.89,0.45,0.63,2025-07-11,949,N21,VIIRS,n,2.0NRT,288.63,2.64,N
USA,33.33742,-108.52014,303.29,0.44,0.63,2025-07-11,949,N21,VIIRS,n,2.0NRT,288.84,1.91,N
USA,33.3382,-108.54575,311.63,0.44,0.63,2025-07-11,949,N21,VIIRS,n,2.0NRT,288.79,3.08,N
USA,33.33855,-108.55907,333.28,0.44,0.63,2025-07-11,949,N21,VIIRS,n,2.0NRT,288.5,5.12,N
USA,33.33873,-108.57039,315.11,0.44,0.62,2025-07-11,949,N21,VIIRS,n,2.0NRT,286.07,5.13,N
USA,33.3395,-108.51627,308.08,0.45,0.63,2025-07-11,949,N21,VIIRS,n,2.0NRT,288.72,2.34,N
USA,33.3396,-108.55103,327.24,0.44,0.63,2025-07-11,949,N21,VIIRS,n,2.0NRT,289.5,3.08,N
USA,33.34013,-108.56521,334.48,0.44,0.63,2025-07-11,949,N21,VIIRS,n,2.0NRT,287.62,5.5,N
USA,33.34076,-108.51001,301.45,0.45,0.63,2025-07-11,949,N21,VIIRS,n,2.0NRT,288.46,2.26,N
USA,33.34111,-108.5567,314.07,0.44,0.63,2025-07-11,949,N21,VIIRS,n,2.0NRT,287.42,4.39,N
USA,33.34134,-108.54664,319.6,0.44,0.63,2025-07-11,949,N21,VIIRS,n,2.0NRT,288.73,3.4,N
USA,33.34154,-108.57066,329.99,0.44,0.63,2025-07-11,949,N21,VIIRS,n,2.0NRT,286.78,5.5,N
USA,33.34199,-108.51464,302.55,0.44,0.63,2025-07-11,949,N21,VIIRS,n,2.0NRT,288.48,2.17,N
USA,33.34266,-108.56256,309.87,0.44,0.63,2025-07-11,949,N21,VIIRS,n,2.0NRT,286.07,4.39,N
USA,33.34274,-108.55206,323.01,0.44,0.63,2025-07-11,949,N21,VIIRS,n,2.0NRT,288.23,5.12,N
USA,33.34402,-108.51046,305.77,0.45,0.63,2025-07-11,949,N21,VIIRS,n,2.0NRT,288.76,2.34,N
USA,33.34406,-108.56783,342.56,0.44,0.62,2025-07-11,949,N21,VIIRS,n,2.0NRT,288.79,10.39,N
USA,33.34531,-108.54985,313.7,0.44,0.63,2025-07-11,949,N21,VIIRS,n,2.0NRT,286.93,3.08,N
USA,33.34532,-108.5726,340.55,0.44,0.62,2025-07-11,949,N21,VIIRS,n,2.0NRT,288.93,10.39,N
USA,33.34557,-108.56303,309.37,0.44,0.63,2025-07-11,949,N21,VIIRS,n,2.0NRT,286.19,5.5,N
USA,33.34559,-108.52821,310.8,0.44,0.63,2025-07-11,949,N21,VIIRS,n,2.0NRT,287.52,1.93,N
USA,33.34564,-108.54001,302.85,0.44,0.63,2025-07-11,949,N21,VIIRS,n,2.0NRT,286,0.92,N
USA,33.34649,-108.57697,333.49,0.44,0.62,2025-07-11,949,N21,VIIRS,n,2.0NRT,287.86,25.39,N
USA,33.34682,-108.56787,329.24,0.44,0.63,2025-07-11,949,N21,VIIRS,n,2.0NRT,287.85,5.5,N
USA,33.34764,-108.52448,304.61,0.44,0.63,2025-07-11,949,N21,VIIRS,n,2.0NRT,286.6,2.93,N
USA,33.34797,-108.57229,367,0.44,0.62,2025-07-11,949,N21,VIIRS,h,2.0NRT,292.33,13.06,N
USA,33.34869,-108.52855,300.17,0.44,0.63,2025-07-11,949,N21,VIIRS,n,2.0NRT,286.51,2,N
USA,33.34914,-108.57682,336.1,0.44,0.62,2025-07-11,949,N21,VIIRS,n,2.0NRT,287.44,13.06,N
USA,33.34918,-108.56446,307.55,0.44,0.62,2025-07-11,949,N21,VIIRS,n,2.0NRT,286.34,10.39,N
USA,33.35037,-108.56895,334.89,0.44,0.62,2025-07-11,949,N21,VIIRS,n,2.0NRT,288.23,10.39,N
USA,33.3516,-108.5736,340.04,0.44,0.62,2025-07-11,949,N21,VIIRS,n,2.0NRT,305.07,25.39,N
USA,33.35179,-108.56384,301.13,0.44,0.63,2025-07-11,949,N21,VIIRS,n,2.0NRT,286.04,3.06,N
USA,33.3521,-108.50732,312.15,0.45,0.63,2025-07-11,949,N21,VIIRS,n,2.0NRT,287.32,1.56,N
USA,33.35287,-108.5784,345.94,0.44,0.62,2025-07-11,949,N21,VIIRS,n,2.0NRT,287.02,25.39,N
USA,33.35297,-108.56843,353.8,0.44,0.62,2025-07-11,949,N21,VIIRS,n,2.0NRT,291.94,29.33,N
USA,33.35424,-108.57335,367,0.44,0.62,2025-07-11,949,N21,VIIRS,h,2.0NRT,309.81,29.33,N
USA,33.35545,-108.56545,326.61,0.44,0.62,2025-07-11,949,N21,VIIRS,n,2.0NRT,288.86,10.63,N
USA,33.35557,-108.57851,303.28,0.44,0.62,2025-07-11,949,N21,VIIRS,n,2.0NRT,285.85,32.6,N
USA,33.35566,-108.52077,301.02,0.44,0.63,2025-07-11,949,N21,VIIRS,n,2.0NRT,286.14,1.5,N
USA,33.35679,-108.57051,367,0.44,0.62,2025-07-11,949,N21,VIIRS,h,2.0NRT,296.17,17.09,N
USA,33.35698,-108.56068,301.86,0.44,0.63,2025-07-11,949,N21,VIIRS,n,2.0NRT,286.93,3.06,N
USA,33.35815,-108.57567,328.1,0.44,0.62,2025-07-11,949,N21,VIIRS,n,2.0NRT,286.31,17.09,N
USA,33.35828,-108.56573,345.59,0.44,0.62,2025-07-11,949,N21,VIIRS,n,2.0NRT,291.41,29.33,N
USA,33.35962,-108.57093,325.35,0.44,0.62,2025-07-11,949,N21,VIIRS,n,2.0NRT,287.39,29.33,N
USA,33.3597,-108.51323,311.05,0.44,0.63,2025-07-11,949,N21,VIIRS,n,2.0NRT,288.2,3.21,N
USA,33.36082,-108.56303,332.73,0.44,0.62,2025-07-11,949,N21,VIIRS,n,2.0NRT,291,10.63,N
USA,33.36105,-108.49551,324.24,0.45,0.63,2025-07-11,949,N21,VIIRS,n,2.0NRT,290.71,3.81,N
USA,33.36219,-108.56821,344.62,0.44,0.62,2025-07-11,949,N21,VIIRS,n,2.0NRT,289.84,17.09,N
USA,33.3623,-108.50027,337.29,0.45,0.63,2025-07-11,949,N21,VIIRS,n,2.0NRT,291.48,3.81,N
USA,33.36355,-108.50499,325.01,0.44,0.63,2025-07-11,949,N21,VIIRS,n,2.0NRT,290.32,3.97,N
USA,33.36482,-108.50981,302.31,0.44,0.63,2025-07-11,949,N21,VIIRS,n,2.0NRT,288.64,3.97,N
USA,33.36609,-108.5602,333.58,0.44,0.62,2025-07-11,949,N21,VIIRS,n,2.0NRT,289.15,4.82,N
USA,33.36622,-108.49222,315.85,0.45,0.63,2025-07-11,949,N21,VIIRS,n,2.0NRT,289.86,3.81,N
USA,33.36737,-108.56506,298.56,0.44,0.62,2025-07-11,949,N21,VIIRS,n,2.0NRT,287.23,3.18,N
USA,33.36744,-108.49686,304.84,0.45,0.63,2025-07-11,949,N21,VIIRS,n,2.0NRT,289.32,3.81,N
USA,33.36891,-108.54812,304.61,0.44,0.63,2025-07-11,949,N21,VIIRS,n,2.0NRT,287.26,1.62,N
USA,33.36912,-108.48033,311.3,0.45,0.63,2025-07-11,949,N21,VIIRS,n,2.0NRT,289.68,2.59,N
USA,33.37035,-108.48502,332.83,0.45,0.63,2025-07-11,949,N21,VIIRS,n,2.0NRT,291.05,2.59,N
USA,33.37156,-108.48959,313.66,0.45,0.63,2025-07-11,949,N21,VIIRS,n,2.0NRT,289.81,2.13,N
USA,33.37203,-108.53713,303.71,0.44,0.63,2025-07-11,949,N21,VIIRS,n,2.0NRT,286.77,1.78,N
USA,33.37276,-108.49414,302,0.45,0.63,2025-07-11,949,N21,VIIRS,n,2.0NRT,289.39,2.13,N
USA,33.37312,-108.54127,317.9,0.44,0.63,2025-07-11,949,N21,VIIRS,n,2.0NRT,289.04,2.28,N
USA,33.37427,-108.54561,310.49,0.44,0.63,2025-07-11,949,N21,VIIRS,n,2.0NRT,286.54,2.28,N
USA,33.37442,-108.47753,305.54,0.45,0.63,2025-07-11,949,N21,VIIRS,n,2.0NRT,288.94,2.59,N
USA,33.37565,-108.48223,309.52,0.45,0.63,2025-07-11,949,N21,VIIRS,n,2.0NRT,288.97,2.59,N
USA,33.37689,-108.48693,301.24,0.45,0.63,2025-07-11,949,N21,VIIRS,n,2.0NRT,288.67,2.13,N
USA,33.38966,-108.51263,324.97,0.44,0.63,2025-07-11,949,N21,VIIRS,n,2.0NRT,289.61,3.33,N
USA,33.39095,-108.51756,324.35,0.44,0.63,2025-07-11,949,N21,VIIRS,n,2.0NRT,290,3.33,N
USA,33.39528,-108.5111,326.43,0.44,0.63,2025-07-11,949,N21,VIIRS,n,2.0NRT,289.42,3.33,N
USA,33.39655,-108.51596,313.87,0.44,0.63,2025-07-11,949,N21,VIIRS,n,2.0NRT,288.38,3.33,N
USA,33.84942,-110.91038,328.68,0.63,0.54,2025-07-11,949,N21,VIIRS,n,2.0NRT,292.37,6.28,N
USA,33.85387,-110.90728,326.05,0.63,0.54,2025-07-11,949,N21,VIIRS,n,2.0NRT,293.88,6.28,N
USA,33.85587,-110.9156,304.71,0.63,0.54,2025-07-11,949,N21,VIIRS,n,2.0NRT,290.12,2.53,N
USA,33.85789,-110.90237,306.69,0.63,0.54,2025-07-11,949,N21,VIIRS,n,2.0NRT,292.52,4.03,N
USA,33.86029,-110.91236,304.39,0.63,0.54,2025-07-11,949,N21,VIIRS,n,2.0NRT,291.44,4.15,N
USA,33.86209,-110.89822,331.77,0.63,0.54,2025-07-11,949,N21,VIIRS,n,2.0NRT,293.99,4.03,N
USA,34.6218,-117.09843,310.51,0.45,0.39,2025-07-11,949,N21,VIIRS,n,2.0NRT,294.29,1.42,N
USA,34.62268,-117.10316,309.6,0.45,0.39,2025-07-11,949,N21,VIIRS,n,2.0NRT,292.95,1.42,N
USA,35.12194,-118.36625,303.01,0.41,0.37,2025-07-11,949,N21,VIIRS,n,2.0NRT,290.88,0.95,N
USA,35.26507,-113.9466,300.91,0.4,0.44,2025-07-11,949,N21,VIIRS,n,2.0NRT,290.55,0.62,N
USA,35.51764,-113.31264,311.16,0.43,0.46,2025-07-11,949,N21,VIIRS,n,2.0NRT,288.94,2.48,N
USA,36.23046,-112.10141,307.17,0.48,0.48,2025-07-11,949,N21,VIIRS,n,2.0NRT,280.97,11.39,N
USA,36.23162,-112.1065,367,0.48,0.48,2025-07-11,949,N21,VIIRS,h,2.0NRT,292.85,11.39,N
USA,36.2328,-112.11166,343.33,0.48,0.48,2025-07-11,949,N21,VIIRS,n,2.0NRT,289.87,12.27,N
USA,36.23473,-112.10001,307.86,0.48,0.48,2025-07-11,949,N21,VIIRS,n,2.0NRT,279.77,2.38,N
USA,36.23707,-112.11025,335.33,0.48,0.48,2025-07-11,949,N21,VIIRS,n,2.0NRT,286.96,4.28,N
USA,36.23899,-112.09857,315.04,0.48,0.48,2025-07-11,949,N21,VIIRS,n,2.0NRT,280.19,2.38,N
USA,36.24015,-112.10364,311.33,0.48,0.48,2025-07-11,949,N21,VIIRS,n,2.0NRT,279.05,2.38,N
USA,36.24132,-112.1088,317.32,0.48,0.48,2025-07-11,949,N21,VIIRS,n,2.0NRT,282.26,4.28,N
USA,36.29077,-106.78374,299.41,0.46,0.64,2025-07-11,949,N21,VIIRS,n,2.0NRT,287.07,2.11,N
USA,36.29209,-106.78854,298.85,0.46,0.64,2025-07-11,949,N21,VIIRS,n,2.0NRT,287.73,1.82,N
USA,36.29747,-106.78564,296.13,0.46,0.64,2025-07-11,949,N21,VIIRS,n,2.0NRT,285.33,1.16,N
USA,36.35791,-114.90863,314.45,0.52,0.41,2025-07-11,949,N21,VIIRS,n,2.0NRT,297.72,3.8,N
USA,36.76883,-112.27358,338.76,0.46,0.47,2025-07-11,949,N21,VIIRS,n,2.0NRT,289.06,13.93,N
USA,36.76986,-112.2782,353.49,0.46,0.47,2025-07-11,949,N21,VIIRS,n,2.0NRT,297.8,13.93,N
USA,36.77085,-112.28272,339.32,0.46,0.47,2025-07-11,949,N21,VIIRS,n,2.0NRT,296.6,19.19,N
USA,36.77192,-112.2673,306.63,0.46,0.47,2025-07-11,949,N21,VIIRS,n,2.0NRT,286.34,2.02,N
USA,36.77296,-112.272,322.8,0.46,0.47,2025-07-11,949,N21,VIIRS,n,2.0NRT,288.09,2.11,N
USA,36.77399,-112.27661,316.56,0.46,0.47,2025-07-11,949,N21,VIIRS,n,2.0NRT,290.09,2.11,N
USA,36.77484,-112.3006,298.55,0.46,0.47,2025-07-11,949,N21,VIIRS,n,2.0NRT,286.23,1.02,N
USA,36.77499,-112.28113,334.66,0.46,0.47,2025-07-11,949,N21,VIIRS,n,2.0NRT,293.37,2.21,N
USA,36.77599,-112.28558,312.83,0.46,0.47,2025-07-11,949,N21,VIIRS,n,2.0NRT,290.63,2.21,N
USA,36.77607,-112.26574,314.41,0.46,0.47,2025-07-11,949,N21,VIIRS,n,2.0NRT,286.15,2.02,N
USA,36.77694,-112.2494,304.43,0.46,0.47,2025-07-11,949,N21,VIIRS,n,2.0NRT,284.39,2.79,N
USA,36.77698,-112.29004,309.51,0.46,0.47,2025-07-11,949,N21,VIIRS,n,2.0NRT,291.07,1.75,N
USA,36.77711,-112.27046,300.1,0.46,0.47,2025-07-11,949,N21,VIIRS,n,2.0NRT,287.16,2.11,N
USA,36.77795,-112.31458,334.6,0.45,0.47,2025-07-11,949,N21,VIIRS,n,2.0NRT,288.17,4.08,N
USA,36.77797,-112.29451,310.82,0.46,0.47,2025-07-11,949,N21,VIIRS,n,2.0NRT,291.74,1.75,N
USA,36.77806,-112.25449,334.68,0.46,0.47,2025-07-11,949,N21,VIIRS,n,2.0NRT,292.11,2.79,N
USA,36.77813,-112.27504,307.71,0.46,0.47,2025-07-11,949,N21,VIIRS,n,2.0NRT,288.71,2.11,N
USA,36.77898,-112.29906,317.22,0.46,0.47,2025-07-11,949,N21,VIIRS,n,2.0NRT,291.47,2.38,N
USA,36.779,-112.31933,301.3,0.45,0.47,2025-07-11,949,N21,VIIRS,n,2.0NRT,287.72,2.5,N
USA,36.77913,-112.27954,307.91,0.46,0.47,2025-07-11,949,N21,VIIRS,n,2.0NRT,290.6,2.21,N
USA,36.77915,-112.2594,308.66,0.46,0.47,2025-07-11,949,N21,VIIRS,n,2.0NRT,285.71,1.69,N
USA,36.77995,-112.24272,326.81,0.46,0.47,2025-07-11,949,N21,VIIRS,n,2.0NRT,288.09,3.8,N
USA,36.78,-112.30367,309.79,0.46,0.47,2025-07-11,949,N21,VIIRS,n,2.0NRT,290.22,2.38,N
USA,36.78013,-112.28402,304.27,0.46,0.47,2025-07-11,949,N21,VIIRS,n,2.0NRT,290.29,2.21,N
USA,36.78022,-112.26421,303.55,0.46,0.47,2025-07-11,949,N21,VIIRS,n,2.0NRT,287.43,1.69,N
USA,36.78104,-112.30833,300.98,0.45,0.47,2025-07-11,949,N21,VIIRS,n,2.0NRT,289.23,1.5,N
USA,36.78107,-112.24776,319.15,0.46,0.47,2025-07-11,949,N21,VIIRS,n,2.0NRT,287.24,2.79,N
USA,36.78112,-112.2885,302.74,0.46,0.47,2025-07-11,949,N21,VIIRS,n,2.0NRT,289.84,1.75,N
USA,36.78126,-112.26894,302.19,0.46,0.47,2025-07-11,949,N21,VIIRS,n,2.0NRT,288.3,1.22,N
USA,36.78216,-112.33359,303.18,0.45,0.47,2025-07-11,949,N21,VIIRS,n,2.0NRT,288.48,1.7,N
USA,36.78219,-112.25284,308.54,0.46,0.47,2025-07-11,949,N21,VIIRS,n,2.0NRT,286.96,2.79,N
USA,36.78228,-112.27353,302.48,0.46,0.47,2025-07-11,949,N21,VIIRS,n,2.0NRT,288.02,1.22,N
USA,36.78321,-112.33831,309.4,0.45,0.47,2025-07-11,949,N21,VIIRS,n,2.0NRT,289.15,2.37,N
USA,36.78329,-112.25778,311.7,0.46,0.47,2025-07-11,949,N21,VIIRS,n,2.0NRT,286.96,1.69,N
USA,36.78409,-112.2411,299.64,0.46,0.47,2025-07-11,949,N21,VIIRS,n,2.0NRT,284.11,1.12,N
USA,36.78519,-112.24605,338.28,0.46,0.47,2025-07-11,949,N21,VIIRS,n,2.0NRT,292.06,4.57,N
USA,36.78531,-112.3478,316.76,0.45,0.47,2025-07-11,949,N21,VIIRS,n,2.0NRT,288.97,1.94,N
USA,36.7863,-112.25109,302.76,0.46,0.47,2025-07-11,949,N21,VIIRS,n,2.0NRT,287.38,4.57,N
USA,36.78637,-112.35258,309.85,0.45,0.47,2025-07-11,949,N21,VIIRS,n,2.0NRT,288.03,1.94,N
USA,36.78741,-112.25612,303.48,0.46,0.47,2025-07-11,949,N21,VIIRS,n,2.0NRT,287.65,2.46,N
USA,36.7885,-112.26105,301.64,0.46,0.47,2025-07-11,949,N21,VIIRS,n,2.0NRT,286.47,2.46,N
USA,36.78932,-112.2444,318.09,0.46,0.47,2025-07-11,949,N21,VIIRS,n,2.0NRT,284.77,4.57,N
USA,36.78945,-112.34632,303.48,0.45,0.47,2025-07-11,949,N21,VIIRS,n,2.0NRT,289.14,1,N
USA,36.78956,-112.26586,298.95,0.46,0.47,2025-07-11,949,N21,VIIRS,n,2.0NRT,286.65,1.81,N
USA,36.79042,-112.24941,348.03,0.46,0.47,2025-07-11,949,N21,VIIRS,n,2.0NRT,290.71,4.57,N
USA,36.79051,-112.3511,300.33,0.45,0.47,2025-07-11,949,N21,VIIRS,n,2.0NRT,288.87,1,N
USA,36.79154,-112.25448,335.38,0.46,0.47,2025-07-11,949,N21,VIIRS,n,2.0NRT,292.19,2.46,N
USA,36.79157,-112.3559,301.24,0.45,0.47,2025-07-11,949,N21,VIIRS,n,2.0NRT,288.14,1.71,N
USA,36.79263,-112.25944,308.02,0.46,0.47,2025-07-11,949,N21,VIIRS,n,2.0NRT,287.66,2.46,N
USA,36.7936,-112.34485,300.84,0.45,0.47,2025-07-11,949,N21,VIIRS,n,2.0NRT,288.58,1,N
USA,36.7937,-112.26425,302.67,0.46,0.47,2025-07-11,949,N21,VIIRS,n,2.0NRT,287.57,1.81,N
USA,36.79473,-112.26892,316.92,0.46,0.47,2025-07-11,949,N21,VIIRS,n,2.0NRT,291.61,1.81,N
USA,36.79475,-112.37032,300.38,0.45,0.47,2025-07-11,949,N21,VIIRS,n,2.0NRT,287.91,1.15,N
USA,36.79567,-112.25283,321.71,0.46,0.47,2025-07-11,949,N21,VIIRS,n,2.0NRT,290.38,4.15,N
USA,36.79573,-112.27345,354.81,0.46,0.47,2025-07-11,949,N21,VIIRS,n,2.0NRT,303.51,9.64,N
USA,36.79671,-112.2779,335.19,0.46,0.47,2025-07-11,949,N21,VIIRS,n,2.0NRT,294.13,9.64,N
USA,36.79677,-112.25781,329.81,0.46,0.47,2025-07-11,949,N21,VIIRS,n,2.0NRT,293.97,4.15,N
USA,36.79784,-112.26266,349.03,0.46,0.47,2025-07-11,949,N21,VIIRS,n,2.0NRT,302.35,10.18,N
USA,36.79831,-112.24919,303.82,0.46,0.47,2025-07-11,949,N21,VIIRS,n,2.0NRT,285.86,1.97,N
USA,36.79887,-112.26733,319.77,0.46,0.47,2025-07-11,949,N21,VIIRS,n,2.0NRT,292.26,10.18,N
USA,36.79945,-112.25423,321.61,0.46,0.47,2025-07-11,949,N21,VIIRS,n,2.0NRT,290.17,9.54,N
USA,36.79979,-112.25113,315.73,0.46,0.47,2025-07-11,949,N21,VIIRS,n,2.0NRT,286.95,4.15,N
USA,36.79987,-112.27189,367,0.46,0.47,2025-07-11,949,N21,VIIRS,h,2.0NRT,298.95,17.08,N
USA,36.80057,-112.25916,343.95,0.46,0.47,2025-07-11,949,N21,VIIRS,n,2.0NRT,295.51,9.54,N
USA,36.80089,-112.25614,329.84,0.46,0.47,2025-07-11,949,N21,VIIRS,n,2.0NRT,291.89,4.15,N
USA,36.80165,-112.26393,337.49,0.46,0.47,2025-07-11,949,N21,VIIRS,n,2.0NRT,292.07,7.29,N
USA,36.80196,-112.26103,339.41,0.46,0.47,2025-07-11,949,N21,VIIRS,n,2.0NRT,294.57,10.18,N
USA,36.80244,-112.24754,310.5,0.46,0.47,2025-07-11,949,N21,VIIRS,n,2.0NRT,285.35,1.97,N
USA,36.80294,-112.34669,310.25,0.45,0.47,2025-07-11,949,N21,VIIRS,n,2.0NRT,289.43,2.18,N
USA,36.80357,-112.25255,355.14,0.46,0.47,2025-07-11,949,N21,VIIRS,n,2.0NRT,296.48,9.54,N
USA,36.80391,-112.24944,340.75,0.46,0.47,2025-07-11,949,N21,VIIRS,n,2.0NRT,290.43,13.12,N
USA,36.80469,-112.25751,338.31,0.46,0.47,2025-07-11,949,N21,VIIRS,n,2.0NRT,293.46,9.54,N
USA,36.80501,-112.25446,354.24,0.46,0.47,2025-07-11,949,N21,VIIRS,n,2.0NRT,298.6,13.12,N
USA,36.80602,-112.34038,339.6,0.45,0.47,2025-07-11,949,N21,VIIRS,n,2.0NRT,291.09,5.46,N
USA,36.80708,-112.34521,323.27,0.45,0.47,2025-07-11,949,N21,VIIRS,n,2.0NRT,289.23,5.46,N
USA,36.80769,-112.25087,301.83,0.46,0.47,2025-07-11,949,N21,VIIRS,n,2.0NRT,288.24,13.04,N
USA,36.80814,-112.35001,320.26,0.45,0.47,2025-07-11,949,N21,VIIRS,n,2.0NRT,289.45,2.57,N
USA,36.80882,-112.25588,338.12,0.46,0.47,2025-07-11,949,N21,VIIRS,n,2.0NRT,296.04,13.04,N
USA,36.80913,-112.25278,337.67,0.46,0.47,2025-07-11,949,N21,VIIRS,n,2.0NRT,293.33,13.12,N
USA,37.18457,-121.67793,307.57,0.4,0.37,2025-07-11,949,N21,VIIRS,n,2.0NRT,291.47,0.69,N
USA,37.21221,-121.90011,303.89,0.41,0.37,2025-07-11,949,N21,VIIRS,n,2.0NRT,290.27,0.32,N
USA,37.29431,-116.126,304.04,0.45,0.39,2025-07-11,949,N21,VIIRS,n,2.0NRT,291.43,1.63,N
USA,37.29752,-109.25921,320.26,0.32,0.55,2025-07-11,949,N21,VIIRS,n,2.0NRT,293.38,1.18,N
USA,37.29778,-116.12498,320.08,0.45,0.39,2025-07-11,949,N21,VIIRS,n,2.0NRT,292.87,1.63,N
USA,37.32969,-113.46107,314.47,0.39,0.44,2025-07-11,949,N21,VIIRS,n,2.0NRT,289.13,4.4,N
USA,37.33086,-113.46661,343.87,0.39,0.44,2025-07-11,949,N21,VIIRS,n,2.0NRT,294.99,8.56,N
USA,37.33189,-113.47152,350.28,0.39,0.44,2025-07-11,949,N21,VIIRS,n,2.0NRT,296.49,8.56,N
USA,37.33285,-113.47602,334.61,0.39,0.44,2025-07-11,949,N21,VIIRS,n,2.0NRT,294.86,4.73,N
USA,37.33376,-113.48032,336.08,0.39,0.44,2025-07-11,949,N21,VIIRS,n,2.0NRT,294.39,4.73,N
USA,37.33377,-113.46075,342.21,0.39,0.44,2025-07-11,949,N21,VIIRS,n,2.0NRT,296.46,4.4,N
USA,37.33463,-113.48441,326.23,0.39,0.44,2025-07-11,949,N21,VIIRS,n,2.0NRT,291.1,8.95,N
USA,37.33482,-113.46568,354.41,0.39,0.44,2025-07-11,949,N21,VIIRS,n,2.0NRT,299.39,8.56,N
USA,37.33576,-113.47015,345.35,0.39,0.44,2025-07-11,949,N21,VIIRS,n,2.0NRT,296.38,8.56,N
USA,37.33668,-113.47453,339.04,0.39,0.44,2025-07-11,949,N21,VIIRS,n,2.0NRT,296.05,4.73,N
USA,37.33708,-113.49599,296.32,0.39,0.44,2025-07-11,949,N21,VIIRS,n,2.0NRT,284.99,8.44,N
USA,37.33759,-113.47878,326.25,0.39,0.44,2025-07-11,949,N21,VIIRS,n,2.0NRT,294.71,4.73,N
USA,37.33781,-113.46021,328.15,0.39,0.44,2025-07-11,949,N21,VIIRS,n,2.0NRT,294.9,3.79,N
USA,37.33846,-113.48289,346.08,0.39,0.44,2025-07-11,949,N21,VIIRS,n,2.0NRT,298.75,8.95,N
USA,37.33871,-113.46446,341.14,0.39,0.44,2025-07-11,949,N21,VIIRS,n,2.0NRT,297.82,4.8,N
USA,37.33929,-113.48687,367,0.39,0.44,2025-07-11,949,N21,VIIRS,h,2.0NRT,297.61,8.95,N
USA,37.33959,-113.46864,352.65,0.39,0.44,2025-07-11,949,N21,VIIRS,n,2.0NRT,298.89,4.8,N
USA,37.34011,-113.4907,367,0.39,0.44,2025-07-11,949,N21,VIIRS,h,2.0NRT,303.71,8.44,N
USA,37.34048,-113.47282,331.35,0.39,0.44,2025-07-11,949,N21,VIIRS,n,2.0NRT,294.64,2.65,N
USA,37.34091,-113.49448,350.83,0.39,0.44,2025-07-11,949,N21,VIIRS,n,2.0NRT,299.39,8.44,N
USA,37.34135,-113.47697,316.53,0.39,0.44,2025-07-11,949,N21,VIIRS,n,2.0NRT,292.25,2.65,N
USA,37.34162,-113.45858,329.92,0.39,0.44,2025-07-11,949,N21,VIIRS,n,2.0NRT,292.31,3.79,N
USA,37.34181,-113.43978,311.72,0.39,0.44,2025-07-11,949,N21,VIIRS,n,2.0NRT,288.12,0.83,N
USA,37.34222,-113.4811,336.26,0.39,0.44,2025-07-11,949,N21,VIIRS,n,2.0NRT,293.49,3.38,N
USA,37.34247,-113.46258,316.7,0.39,0.44,2025-07-11,949,N21,VIIRS,n,2.0NRT,291.18,4.8,N
USA,37.3431,-113.48522,326.72,0.39,0.44,2025-07-11,949,N21,VIIRS,n,2.0NRT,291.12,3.38,N
USA,37.34335,-113.46674,315.76,0.39,0.44,2025-07-11,949,N21,VIIRS,n,2.0NRT,290.18,4.8,N
USA,37.34424,-113.47099,316.6,0.39,0.44,2025-07-11,949,N21,VIIRS,n,2.0NRT,289.56,2.65,N
USA,37.34511,-113.47507,307.1,0.39,0.44,2025-07-11,949,N21,VIIRS,n,2.0NRT,288.42,2.65,N
USA,37.34597,-113.47913,324.24,0.39,0.44,2025-07-11,949,N21,VIIRS,n,2.0NRT,290.09,3.38,N
USA,37.34795,-113.46883,316.13,0.39,0.44,2025-07-11,949,N21,VIIRS,n,2.0NRT,290.65,1.78,N
USA,37.34881,-113.47295,319.33,0.39,0.44,2025-07-11,949,N21,VIIRS,n,2.0NRT,290.51,1.78,N
USA,37.35417,-116.1129,314.58,0.45,0.39,2025-07-11,949,N21,VIIRS,n,2.0NRT,290.03,1.32,N
USA,37.38827,-116.1551,300.53,0.45,0.39,2025-07-11,949,N21,VIIRS,n,2.0NRT,289.42,0.91,N
USA,37.41658,-116.13065,348.96,0.45,0.39,2025-07-11,949,N21,VIIRS,n,2.0NRT,291.4,7.29,N
USA,37.42004,-116.12954,328.31,0.45,0.39,2025-07-11,949,N21,VIIRS,n,2.0NRT,290,2.49,N
USA,37.42329,-116.04922,314.69,0.45,0.39,2025-07-11,949,N21,VIIRS,n,2.0NRT,293.93,2.06,N
USA,37.43094,-116.09007,332.39,0.45,0.39,2025-07-11,949,N21,VIIRS,n,2.0NRT,293.37,2.43,N
USA,37.43192,-116.03653,309.83,0.45,0.39,2025-07-11,949,N21,VIIRS,n,2.0NRT,292.22,5.39,N
USA,37.43193,-116.09534,300.4,0.45,0.39,2025-07-11,949,N21,VIIRS,n,2.0NRT,289.35,2.43,N
USA,37.43639,-116.04083,333.43,0.45,0.39,2025-07-11,949,N21,VIIRS,n,2.0NRT,296.06,5.39,N
USA,37.43885,-116.03425,304.86,0.45,0.39,2025-07-11,949,N21,VIIRS,n,2.0NRT,290.72,7.01,N
USA,37.43952,-116.07718,316.47,0.45,0.39,2025-07-11,949,N21,VIIRS,n,2.0NRT,292.35,2.58,N
USA,37.43985,-116.03967,345.86,0.45,0.39,2025-07-11,949,N21,VIIRS,n,2.0NRT,299.29,7.01,N
USA,37.44214,-116.07163,302.58,0.45,0.39,2025-07-11,949,N21,VIIRS,n,2.0NRT,290.51,0.67,N
USA,37.44429,-116.04385,312.32,0.45,0.39,2025-07-11,949,N21,VIIRS,n,2.0NRT,292.36,1.65,N
USA,37.44567,-116.07096,308.44,0.45,0.39,2025-07-11,949,N21,VIIRS,n,2.0NRT,292.59,1.44,N
USA,37.44726,-116.05979,301.36,0.45,0.39,2025-07-11,949,N21,VIIRS,n,2.0NRT,288.31,0.18,N
USA,37.44775,-116.04265,337.99,0.45,0.39,2025-07-11,949,N21,VIIRS,n,2.0NRT,295.6,5.43,N
USA,37.4482,-116.06486,304.3,0.45,0.39,2025-07-11,949,N21,VIIRS,n,2.0NRT,290.22,1.44,N
USA,37.44913,-116.06985,310.64,0.45,0.39,2025-07-11,949,N21,VIIRS,n,2.0NRT,292.51,1.44,N
USA,37.45007,-116.0749,310.1,0.45,0.39,2025-07-11,949,N21,VIIRS,n,2.0NRT,290.36,1.5,N
USA,37.45547,-121.93018,308.36,0.41,0.37,2025-07-11,949,N21,VIIRS,n,2.0NRT,290.11,0.42,N
USA,37.75472,-121.65885,306.33,0.41,0.37,2025-07-11,949,N21,VIIRS,n,2.0NRT,293.97,0.68,N
USA,37.88254,-121.18779,310.9,0.4,0.37,2025-07-11,949,N21,VIIRS,n,2.0NRT,292.94,0.91,N
USA,38.03165,-122.10081,306.75,0.42,0.38,2025-07-11,949,N21,VIIRS,n,2.0NRT,289.89,0.32,N
USA,38.07212,-122.14075,306.2,0.42,0.38,2025-07-11,949,N21,VIIRS,n,2.0NRT,295.53,1.56,N
USA,38.1603,-122.5677,296.95,0.43,0.38,2025-07-11,949,N21,VIIRS,n,2.0NRT,286.31,0.43,N
USA,38.23425,-104.604,297.26,0.53,0.67,2025-07-11,949,N21,VIIRS,n,2.0NRT,286.72,2.05,N
USA,38.29955,-122.75005,300.62,0.44,0.38,2025-07-11,949,N21,VIIRS,n,2.0NRT,287.54,0.88,N
USA,38.3281,-109.10728,329.17,0.62,0.54,2025-07-11,949,N21,VIIRS,n,2.0NRT,287.31,7.75,N
USA,38.33025,-109.07447,304.9,0.62,0.54,2025-07-11,949,N21,VIIRS,n,2.0NRT,290.32,2.83,N
USA,38.33082,-109.09747,308.59,0.62,0.54,2025-07-11,949,N21,VIIRS,n,2.0NRT,289.78,8.81,N
USA,38.33165,-109.12144,316.88,0.62,0.54,2025-07-11,949,N21,VIIRS,n,2.0NRT,287.31,5.08,N
USA,38.33278,-109.1053,367,0.62,0.54,2025-07-11,949,N21,VIIRS,h,2.0NRT,300.08,8.81,N
USA,38.33342,-109.06641,315.02,0.62,0.54,2025-07-11,949,N21,VIIRS,n,2.0NRT,290.94,7.76,N
USA,38.3347,-109.113,346.08,0.62,0.54,2025-07-11,949,N21,VIIRS,n,2.0NRT,297.35,7.92,N
USA,38.33527,-109.07382,337.19,0.62,0.54,2025-07-11,949,N21,VIIRS,n,2.0NRT,296.11,7.76,N
USA,38.33557,-109.09572,322.27,0.62,0.54,2025-07-11,949,N21,VIIRS,n,2.0NRT,292.64,8.81,N
USA,38.33649,-109.12017,335.79,0.62,0.54,2025-07-11,949,N21,VIIRS,n,2.0NRT,294.51,7.92,N
USA,38.33692,-109.08038,340.28,0.62,0.54,2025-07-11,949,N21,VIIRS,n,2.0NRT,294.89,7.34,N
USA,38.33753,-109.10359,332.08,0.62,0.54,2025-07-11,949,N21,VIIRS,n,2.0NRT,293.78,8.81,N
USA,38.33818,-109.12688,324.28,0.61,0.54,2025-07-11,949,N21,VIIRS,n,2.0NRT,289.47,4.11,N
USA,38.33835,-109.06539,336.59,0.62,0.54,2025-07-11,949,N21,VIIRS,n,2.0NRT,290.81,7.76,N
USA,38.33855,-109.08694,322.06,0.62,0.54,2025-07-11,949,N21,VIIRS,n,2.0NRT,292.07,7.34,N
USA,38.33943,-109.11119,312.31,0.62,0.54,2025-07-11,949,N21,VIIRS,n,2.0NRT,289.32,7.92,N
USA,38.3402,-109.0728,331.27,0.62,0.54,2025-07-11,949,N21,VIIRS,n,2.0NRT,293.4,7.76,N
USA,38.34042,-109.09441,320.29,0.62,0.54,2025-07-11,949,N21,VIIRS,n,2.0NRT,291.77,4.03,N
USA,38.3412,-109.11829,309.83,0.62,0.54,2025-07-11,949,N21,VIIRS,n,2.0NRT,288,7.92,N
USA,38.34187,-109.07948,327.54,0.62,0.54,2025-07-11,949,N21,VIIRS,n,2.0NRT,293.36,7.34,N
USA,38.34231,-109.10201,321.14,0.62,0.54,2025-07-11,949,N21,VIIRS,n,2.0NRT,290.42,4.03,N
USA,38.34291,-109.12516,304.19,0.61,0.54,2025-07-11,949,N21,VIIRS,n,2.0NRT,285.72,4.11,N
USA,38.34353,-109.08614,328.95,0.62,0.54,2025-07-11,949,N21,VIIRS,n,2.0NRT,290.99,7.34,N
USA,38.34409,-109.10914,313.55,0.62,0.54,2025-07-11,949,N21,VIIRS,n,2.0NRT,288.43,2.42,N
USA,38.34461,-109.13194,306.07,0.61,0.54,2025-07-11,949,N21,VIIRS,n,2.0NRT,286.97,4.11,N
USA,38.34502,-109.07134,317.4,0.62,0.54,2025-07-11,949,N21,VIIRS,n,2.0NRT,288.54,4.07,N
USA,38.34534,-109.09341,313.27,0.62,0.54,2025-07-11,949,N21,VIIRS,n,2.0NRT,288.57,4.03,N
USA,38.34582,-109.11608,298.13,0.62,0.54,2025-07-11,949,N21,VIIRS,n,2.0NRT,285.45,2.42,N
USA,38.34676,-109.07833,314.72,0.62,0.54,2025-07-11,949,N21,VIIRS,n,2.0NRT,291.63,3.86,N
USA,38.34712,-109.10055,312.87,0.62,0.54,2025-07-11,949,N21,VIIRS,n,2.0NRT,288.66,4.03,N
USA,38.34843,-109.08501,316.4,0.62,0.54,2025-07-11,949,N21,VIIRS,n,2.0NRT,290.36,3.86,N
USA,38.34883,-109.10742,306.76,0.62,0.54,2025-07-11,949,N21,VIIRS,n,2.0NRT,286.87,2.42,N
USA,38.35014,-109.09187,318.31,0.62,0.54,2025-07-11,949,N21,VIIRS,n,2.0NRT,289.17,4.71,N
USA,38.35054,-109.11423,311.45,0.62,0.54,2025-07-11,949,N21,VIIRS,n,2.0NRT,286.96,2.42,N
USA,38.35151,-109.0766,311.76,0.62,0.54,2025-07-11,949,N21,VIIRS,n,2.0NRT,288.65,3.86,N
USA,38.35186,-109.0988,315.67,0.62,0.54,2025-07-11,949,N21,VIIRS,n,2.0NRT,288.86,4.71,N
USA,38.35221,-109.12098,318.28,0.61,0.54,2025-07-11,949,N21,VIIRS,n,2.0NRT,287.46,3.52,N
USA,38.35324,-109.08356,320.9,0.62,0.54,2025-07-11,949,N21,VIIRS,n,2.0NRT,290.37,3.86,N
USA,38.3536,-109.10578,305.74,0.62,0.54,2025-07-11,949,N21,VIIRS,n,2.0NRT,286.47,2.58,N
USA,38.35397,-109.12803,304.41,0.61,0.54,2025-07-11,949,N21,VIIRS,n,2.0NRT,286.19,3.52,N
USA,38.35492,-109.0903,325.1,0.62,0.54,2025-07-11,949,N21,VIIRS,n,2.0NRT,290.64,4.71,N
USA,38.3553,-109.11261,297.78,0.62,0.54,2025-07-11,949,N21,VIIRS,n,2.0NRT,285.37,2.58,N
USA,38.35659,-109.09704,325.9,0.62,0.54,2025-07-11,949,N21,VIIRS,n,2.0NRT,288.79,4.71,N
USA,38.35695,-109.11922,326.16,0.61,0.54,2025-07-11,949,N21,VIIRS,n,2.0NRT,289.61,3.94,N
USA,38.35835,-109.10408,311.04,0.62,0.54,2025-07-11,949,N21,VIIRS,n,2.0NRT,286.59,2.58,N
USA,38.35867,-109.12617,319.95,0.61,0.54,2025-07-11,949,N21,VIIRS,n,2.0NRT,287.92,3.94,N
USA,38.36042,-109.13319,299.92,0.61,0.54,2025-07-11,949,N21,VIIRS,n,2.0NRT,285.6,1.98,N
USA,38.36172,-109.11768,311.87,0.61,0.54,2025-07-11,949,N21,VIIRS,n,2.0NRT,286.23,3.94,N
USA,38.36216,-109.14018,296.67,0.61,0.54,2025-07-11,949,N21,VIIRS,n,2.0NRT,284.45,1.98,N
USA,38.36341,-109.12447,306.76,0.61,0.54,2025-07-11,949,N21,VIIRS,n,2.0NRT,286.23,3.94,N
USA,38.36514,-109.13143,309.69,0.61,0.54,2025-07-11,949,N21,VIIRS,n,2.0NRT,285.09,1.98,N
USA,38.49829,-121.10951,328.01,0.4,0.37,2025-07-11,949,N21,VIIRS,n,2.0NRT,293.54,2.94,N
USA,38.49894,-121.11405,303.67,0.4,0.37,2025-07-11,949,N21,VIIRS,n,2.0NRT,291.86,2.26,N
USA,38.53717,-107.69209,308.14,0.36,0.57,2025-07-11,949,N21,VIIRS,n,2.0NRT,281.86,1.25,N
USA,38.53817,-107.69592,297.55,0.36,0.57,2025-07-11,949,N21,VIIRS,n,2.0NRT,281.41,2.7,N
USA,38.53914,-107.69957,328.92,0.36,0.57,2025-07-11,949,N21,VIIRS,n,2.0NRT,284.58,2.7,N
USA,38.54008,-107.70315,333.12,0.36,0.57,2025-07-11,949,N21,VIIRS,n,2.0NRT,286.18,4.58,N
USA,38.54411,-107.6973,303.2,0.36,0.57,2025-07-11,949,N21,VIIRS,n,2.0NRT,283.15,1.7,N
USA,38.54507,-107.70097,298.49,0.36,0.57,2025-07-11,949,N21,VIIRS,n,2.0NRT,282.67,0.8,N
USA,38.54604,-107.70465,298.95,0.36,0.57,2025-07-11,949,N21,VIIRS,n,2.0NRT,282.64,0.8,N
USA,38.547,-107.70831,310.79,0.36,0.57,2025-07-11,949,N21,VIIRS,n,2.0NRT,283.79,1.35,N
USA,38.54796,-107.71194,299.59,0.36,0.57,2025-07-11,949,N21,VIIRS,n,2.0NRT,283.61,1.35,N
USA,38.54892,-107.71562,298.49,0.36,0.57,2025-07-11,949,N21,VIIRS,n,2.0NRT,283.46,1.6,N
USA,38.54993,-107.71944,301.17,0.36,0.57,2025-07-11,949,N21,VIIRS,n,2.0NRT,284.95,1.6,N
USA,38.55246,-107.68669,312.24,0.36,0.57,2025-07-11,949,N21,VIIRS,n,2.0NRT,287.59,1.81,N
USA,38.55367,-107.6913,306.99,0.36,0.57,2025-07-11,949,N21,VIIRS,n,2.0NRT,285.9,1.81,N
USA,38.55508,-107.71789,301.03,0.36,0.57,2025-07-11,949,N21,VIIRS,n,2.0NRT,282.08,1.6,N
USA,38.55581,-107.69948,306.4,0.36,0.57,2025-07-11,949,N21,VIIRS,n,2.0NRT,283.27,1.54,N
USA,38.55611,-107.72182,343.46,0.36,0.57,2025-07-11,949,N21,VIIRS,n,2.0NRT,284.7,6.52,N
USA,38.55693,-107.70378,314.67,0.36,0.57,2025-07-11,949,N21,VIIRS,n,2.0NRT,282.28,1.46,N
USA,38.55803,-107.72915,300.26,0.36,0.57,2025-07-11,949,N21,VIIRS,n,2.0NRT,285.24,1.11,N
USA,38.55898,-107.73277,300.86,0.36,0.57,2025-07-11,949,N21,VIIRS,n,2.0NRT,285.68,1.11,N
USA,38.55898,-107.71159,296.57,0.36,0.57,2025-07-11,949,N21,VIIRS,n,2.0NRT,281.24,1.48,N
USA,38.56003,-107.71558,300.04,0.36,0.57,2025-07-11,949,N21,VIIRS,n,2.0NRT,281.24,1.48,N
USA,38.56006,-107.69441,299.61,0.36,0.57,2025-07-11,949,N21,VIIRS,n,2.0NRT,286.4,1.54,N
USA,38.56108,-107.71962,306.29,0.36,0.57,2025-07-11,949,N21,VIIRS,n,2.0NRT,282.1,19.62,N
USA,38.56142,-107.69964,305.02,0.36,0.57,2025-07-11,949,N21,VIIRS,n,2.0NRT,286.56,1.46,N
USA,38.56212,-107.72357,334.96,0.36,0.57,2025-07-11,949,N21,VIIRS,n,2.0NRT,289.27,19.62,N
USA,38.56282,-107.70499,300.36,0.36,0.57,2025-07-11,949,N21,VIIRS,n,2.0NRT,281.67,1.46,N
USA,38.56376,-107.68728,299.26,0.36,0.57,2025-07-11,949,N21,VIIRS,n,2.0NRT,287.51,1.16,N
USA,38.5639,-107.70913,307.45,0.36,0.57,2025-07-11,949,N21,VIIRS,n,2.0NRT,282.19,1.48,N
USA,38.56408,-107.73103,367,0.36,0.57,2025-07-11,949,N21,VIIRS,h,2.0NRT,324.33,480.98,N
USA,38.56484,-107.69142,302.91,0.36,0.57,2025-07-11,949,N21,VIIRS,n,2.0NRT,287.77,1.16,N
USA,38.56491,-107.71301,317.53,0.36,0.57,2025-07-11,949,N21,VIIRS,n,2.0NRT,283.73,1.48,N
USA,38.56492,-107.73425,319.47,0.36,0.57,2025-07-11,949,N21,VIIRS,n,2.0NRT,284.9,42.46,N
USA,38.56572,-107.73727,303.45,0.36,0.57,2025-07-11,949,N21,VIIRS,n,2.0NRT,287.44,42.46,N
USA,38.56594,-107.71694,350.01,0.36,0.57,2025-07-11,949,N21,VIIRS,n,2.0NRT,293.92,19.62,N
USA,38.5662,-107.69667,306.93,0.36,0.57,2025-07-11,949,N21,VIIRS,n,2.0NRT,287.47,1.7,N
USA,38.56654,-107.7404,298.25,0.36,0.57,2025-07-11,949,N21,VIIRS,n,2.0NRT,287.86,1.86,N
USA,38.56697,-107.72088,351.66,0.36,0.57,2025-07-11,949,N21,VIIRS,n,2.0NRT,310.88,19.62,N
USA,38.56757,-107.7019,310.12,0.36,0.57,2025-07-11,949,N21,VIIRS,n,2.0NRT,285.72,1.7,N
USA,38.56872,-107.70631,323.24,0.36,0.57,2025-07-11,949,N21,VIIRS,n,2.0NRT,286.1,6.29,N
USA,38.56895,-107.72845,367,0.36,0.57,2025-07-11,949,N21,VIIRS,h,2.0NRT,355.83,480.98,N
USA,38.56974,-107.71023,351.23,0.36,0.57,2025-07-11,949,N21,VIIRS,n,2.0NRT,292.9,6.29,N
USA,38.56975,-107.73147,338.57,0.36,0.57,2025-07-11,949,N21,VIIRS,n,2.0NRT,287.64,42.46,N
USA,38.57047,-107.69173,296.99,0.36,0.57,2025-07-11,949,N21,VIIRS,n,2.0NRT,284.35,1.16,N
USA,38.57051,-107.73437,314.43,0.36,0.57,2025-07-11,949,N21,VIIRS,n,2.0NRT,290.59,42.46,N
USA,38.57077,-107.71416,367,0.36,0.57,2025-07-11,949,N21,VIIRS,h,2.0NRT,301.06,38.54,N
USA,38.57128,-107.73729,305.09,0.36,0.57,2025-07-11,949,N21,VIIRS,n,2.0NRT,290.6,1.86,N
USA,38.57148,-107.6956,301.32,0.36,0.57,2025-07-11,949,N21,VIIRS,n,2.0NRT,287.16,1.7,N
USA,38.5718,-107.71807,350.24,0.36,0.57,2025-07-11,949,N21,VIIRS,n,2.0NRT,309.5,38.54,N
USA,38.57251,-107.69954,304.75,0.36,0.57,2025-07-11,949,N21,VIIRS,n,2.0NRT,289.52,1.7,N
USA,38.57353,-107.70345,308.5,0.36,0.57,2025-07-11,949,N21,VIIRS,n,2.0NRT,289.62,6.29,N
USA,38.57383,-107.72586,367,0.36,0.57,2025-07-11,949,N21,VIIRS,h,2.0NRT,326.13,268.09,N
USA,38.57456,-107.70739,317.63,0.36,0.57,2025-07-11,949,N21,VIIRS,n,2.0NRT,289.74,6.29,N
USA,38.57476,-107.72941,336.92,0.36,0.57,2025-07-11,949,N21,VIIRS,n,2.0NRT,291.74,15.3,N
USA,38.57561,-107.71141,367,0.36,0.57,2025-07-11,949,N21,VIIRS,h,2.0NRT,297.83,38.54,N
USA,38.57566,-107.73285,314.83,0.36,0.57,2025-07-11,949,N21,VIIRS,n,2.0NRT,291.73,15.3,N
USA,38.57655,-107.73625,306.22,0.36,0.57,2025-07-11,949,N21,VIIRS,n,2.0NRT,292.18,3.77,N
USA,38.57664,-107.71535,353.78,0.36,0.57,2025-07-11,949,N21,VIIRS,n,2.0NRT,300.66,38.54,N
USA,38.57764,-107.71921,351.11,0.36,0.57,2025-07-11,949,N21,VIIRS,n,2.0NRT,313.76,268.09,N
USA,38.57867,-107.72313,353.19,0.36,0.57,2025-07-11,949,N21,VIIRS,n,2.0NRT,295.66,268.09,N
USA,38.5797,-107.72708,308.96,0.36,0.57,2025-07-11,949,N21,VIIRS,n,2.0NRT,291.6,15.3,N
USA,38.58074,-107.73107,302.36,0.36,0.57,2025-07-11,949,N21,VIIRS,n,2.0NRT,290.1,15.3,N
USA,38.58149,-107.71265,304.62,0.36,0.57,2025-07-11,949,N21,VIIRS,n,2.0NRT,291.31,3.19,N
USA,38.58252,-107.71659,317.19,0.36,0.57,2025-07-11,949,N21,VIIRS,n,2.0NRT,291.71,1.35,N
USA,38.58355,-107.72058,304.01,0.36,0.57,2025-07-11,949,N21,VIIRS,n,2.0NRT,292.28,1.35,N
USA,38.58745,-107.71421,311.17,0.36,0.57,2025-07-11,949,N21,VIIRS,n,2.0NRT,289.4,1.35,N
USA,38.65574,-108.396,311.38,0.33,0.55,2025-07-11,949,N21,VIIRS,n,2.0NRT,288.32,0.77,N
USA,38.6568,-108.40017,299.06,0.33,0.55,2025-07-11,949,N21,VIIRS,n,2.0NRT,285.77,0.77,N
USA,38.65955,-108.38992,301.91,0.33,0.55,2025-07-11,949,N21,VIIRS,n,2.0NRT,287.1,1.59,N
USA,38.65965,-108.41145,298.05,0.33,0.55,2025-07-11,949,N21,VIIRS,n,2.0NRT,287.4,0.92,N
USA,38.66056,-108.41505,307.09,0.33,0.55,2025-07-11,949,N21,VIIRS,n,2.0NRT,288.17,0.92,N
USA,38.66061,-108.39415,295.76,0.33,0.55,2025-07-11,949,N21,VIIRS,n,2.0NRT,285.52,0.77,N
USA,38.66329,-108.36243,301.52,0.33,0.55,2025-07-11,949,N21,VIIRS,n,2.0NRT,288.42,0.82,N
USA,38.66346,-108.40545,298.87,0.33,0.55,2025-07-11,949,N21,VIIRS,n,2.0NRT,287.28,1.19,N
USA,38.66349,-108.38445,302.07,0.33,0.55,2025-07-11,949,N21,VIIRS,n,2.0NRT,287.06,0.7,N
USA,38.66376,-108.36451,301.86,0.33,0.55,2025-07-11,949,N21,VIIRS,n,2.0NRT,287.26,0.95,N
USA,38.66433,-108.36657,303.01,0.33,0.55,2025-07-11,949,N21,VIIRS,n,2.0NRT,287.24,1.09,N
USA,38.66439,-108.4091,304.93,0.33,0.55,2025-07-11,949,N21,VIIRS,n,2.0NRT,287.79,0.92,N
USA,38.66478,-108.36842,301.58,0.33,0.55,2025-07-11,949,N21,VIIRS,n,2.0NRT,287.09,0.88,N
USA,38.6663,-108.37439,298.36,0.33,0.55,2025-07-11,949,N21,VIIRS,n,2.0NRT,286.07,0.85,N
USA,38.66682,-108.3763,298.79,0.33,0.55,2025-07-11,949,N21,VIIRS,n,2.0NRT,286.58,0.79,N
USA,38.66719,-108.3567,298.61,0.33,0.55,2025-07-11,949,N21,VIIRS,n,2.0NRT,288,0.33,N
USA,38.66731,-108.3784,298.15,0.33,0.55,2025-07-11,949,N21,VIIRS,n,2.0NRT,287.58,0.85,N
USA,38.66768,-108.35896,299.52,0.33,0.55,2025-07-11,949,N21,VIIRS,n,2.0NRT,286.66,0.95,N
USA,38.66784,-108.38023,300.97,0.33,0.55,2025-07-11,949,N21,VIIRS,n,2.0NRT,287.95,0.79,N
USA,38.66825,-108.40328,307.31,0.33,0.55,2025-07-11,949,N21,VIIRS,n,2.0NRT,287.6,1.13,N
USA,38.66829,-108.38227,306.02,0.33,0.55,2025-07-11,949,N21,VIIRS,n,2.0NRT,288.25,0.7,N
USA,38.66832,-108.36121,296.05,0.33,0.55,2025-07-11,949,N21,VIIRS,n,2.0NRT,285.15,0.33,N
USA,38.66883,-108.38405,306.33,0.33,0.55,2025-07-11,949,N21,VIIRS,n,2.0NRT,287.6,0.87,N
USA,38.66925,-108.38608,301.77,0.33,0.55,2025-07-11,949,N21,VIIRS,n,2.0NRT,286.89,0.7,N
USA,38.66981,-108.38782,299.28,0.33,0.55,2025-07-11,949,N21,VIIRS,n,2.0NRT,286.61,0.87,N
USA,38.67019,-108.38983,296.85,0.33,0.55,2025-07-11,949,N21,VIIRS,n,2.0NRT,286.59,0.79,N
USA,38.67072,-108.37068,300.39,0.33,0.55,2025-07-11,949,N21,VIIRS,n,2.0NRT,287.03,0.88,N
USA,38.6712,-108.37263,303.54,0.33,0.55,2025-07-11,949,N21,VIIRS,n,2.0NRT,289.33,0.77,N
USA,38.67169,-108.37444,303.15,0.33,0.55,2025-07-11,949,N21,VIIRS,n,2.0NRT,288.85,0.79,N
USA,38.67213,-108.37635,302.64,0.33,0.55,2025-07-11,949,N21,VIIRS,n,2.0NRT,287.48,0.77,N
USA,38.67264,-108.37811,301.75,0.33,0.55,2025-07-11,949,N21,VIIRS,n,2.0NRT,286.72,0.79,N
USA,38.67307,-108.38005,306.61,0.33,0.55,2025-07-11,949,N21,VIIRS,n,2.0NRT,287.26,1.21,N
USA,38.67359,-108.36112,296.42,0.33,0.55,2025-07-11,949,N21,VIIRS,n,2.0NRT,285.56,0.88,N
USA,38.6736,-108.38181,310.65,0.33,0.55,2025-07-11,949,N21,VIIRS,n,2.0NRT,288.32,0.87,N
USA,38.67401,-108.38379,306.57,0.33,0.55,2025-07-11,949,N21,VIIRS,n,2.0NRT,288.58,1.21,N
USA,38.67412,-108.36302,301.42,0.33,0.55,2025-07-11,949,N21,VIIRS,n,2.0NRT,286.83,0.72,N
USA,38.67456,-108.38554,301.29,0.33,0.55,2025-07-11,949,N21,VIIRS,n,2.0NRT,288.03,0.87,N
USA,38.67456,-108.36485,299.82,0.33,0.55,2025-07-11,949,N21,VIIRS,n,2.0NRT,287.14,1.07,N
USA,38.67505,-108.36672,303.46,0.33,0.55,2025-07-11,949,N21,VIIRS,n,2.0NRT,288.67,0.72,N
USA,38.67551,-108.36852,306.99,0.33,0.55,2025-07-11,949,N21,VIIRS,n,2.0NRT,289.49,1.07,N
USA,38.67598,-108.37041,305.74,0.33,0.55,2025-07-11,949,N21,VIIRS,n,2.0NRT,288.25,0.77,N
USA,38.67633,-108.35099,296.22,0.33,0.55,2025-07-11,949,N21,VIIRS,n,2.0NRT,285.4,0.7,N
USA,38.67646,-108.37218,297.87,0.33,0.55,2025-07-11,949,N21,VIIRS,n,2.0NRT,285.39,1.08,N
USA,38.6769,-108.37405,296.68,0.33,0.55,2025-07-11,949,N21,VIIRS,n,2.0NRT,285.15,0.77,N
USA,38.67735,-108.35493,304.84,0.33,0.55,2025-07-11,949,N21,VIIRS,n,2.0NRT,287.69,0.88,N
USA,38.67739,-108.37579,308.32,0.33,0.55,2025-07-11,949,N21,VIIRS,n,2.0NRT,287.27,1.08,N
USA,38.6778,-108.37766,314.41,0.33,0.55,2025-07-11,949,N21,VIIRS,n,2.0NRT,289.8,1.21,N
USA,38.67832,-108.35868,309.48,0.33,0.55,2025-07-11,949,N21,VIIRS,n,2.0NRT,290.26,0.88,N
USA,38.67833,-108.37941,309.91,0.33,0.55,2025-07-11,949,N21,VIIRS,n,2.0NRT,289.45,1.21,N
USA,38.67928,-108.36239,308.04,0.33,0.55,2025-07-11,949,N21,VIIRS,n,2.0NRT,289.85,1.07,N
USA,38.68024,-108.3661,305.88,0.33,0.55,2025-07-11,949,N21,VIIRS,n,2.0NRT,288.98,1.07,N
USA,38.6812,-108.36983,307.15,0.33,0.55,2025-07-11,949,N21,VIIRS,n,2.0NRT,289.24,1.08,N
USA,38.68213,-108.37344,305.52,0.33,0.55,2025-07-11,949,N21,VIIRS,n,2.0NRT,289.38,1.08,N
USA,38.68307,-108.37707,300.39,0.33,0.55,2025-07-11,949,N21,VIIRS,n,2.0NRT,287.87,1.21,N
USA,38.75035,-108.91775,307.85,0.62,0.54,2025-07-11,949,N21,VIIRS,n,2.0NRT,291.08,2.19,N
USA,38.75373,-108.86917,316.55,0.62,0.54,2025-07-11,949,N21,VIIRS,n,2.0NRT,287.62,3.06,N
USA,38.75515,-108.87483,300.21,0.62,0.54,2025-07-11,949,N21,VIIRS,n,2.0NRT,288.25,3.06,N
USA,38.83635,-121.342,304.69,0.41,0.37,2025-07-11,949,N21,VIIRS,n,2.0NRT,294.41,0.59,N
USA,38.93753,-112.81863,306.61,0.39,0.44,2025-07-11,949,N21,VIIRS,n,2.0NRT,290.81,1.9,N
USA,39.61975,-119.26256,312.04,0.38,0.36,2025-07-11,949,N21,VIIRS,n,2.0NRT,292.06,1.83,N
USA,40.13748,-110.38641,298.5,0.48,0.48,2025-07-11,949,N21,VIIRS,n,2.0NRT,287.83,1.06,N
USA,40.14166,-110.38451,311.35,0.48,0.48,2025-07-11,949,N21,VIIRS,n,2.0NRT,287.58,1.06,N
USA,40.74596,-112.03647,297.09,0.39,0.44,2025-07-11,949,N21,VIIRS,n,2.0NRT,286.75,0.34,N
USA,40.8002,-122.1069,344.56,0.44,0.38,2025-07-11,949,N21,VIIRS,n,2.0NRT,300.29,18.62,N
USA,40.80083,-122.1119,355.85,0.44,0.38,2025-07-11,949,N21,VIIRS,n,2.0NRT,302.12,18.62,N
USA,40.80146,-122.1169,341.46,0.44,0.38,2025-07-11,949,N21,VIIRS,n,2.0NRT,301.81,18.23,N
USA,40.80369,-122.10601,336.83,0.44,0.38,2025-07-11,949,N21,VIIRS,n,2.0NRT,298.58,5.17,N
USA,40.80432,-122.11104,314.86,0.44,0.38,2025-07-11,949,N21,VIIRS,n,2.0NRT,297.82,5.17,N
USA,40.80558,-122.12106,329.41,0.44,0.38,2025-07-11,949,N21,VIIRS,n,2.0NRT,296.42,10.15,N
USA,40.80619,-122.12595,333.57,0.44,0.39,2025-07-11,949,N21,VIIRS,n,2.0NRT,299.25,60.52,N
USA,40.80658,-122.10034,341.35,0.44,0.38,2025-07-11,949,N21,VIIRS,n,2.0NRT,295.2,7.37,N
USA,40.80719,-122.10527,346.39,0.44,0.38,2025-07-11,949,N21,VIIRS,n,2.0NRT,299.36,5.17,N
USA,40.80782,-122.11021,307.08,0.44,0.38,2025-07-11,949,N21,VIIRS,n,2.0NRT,296.38,5.17,N
USA,40.80812,-122.08414,331.26,0.44,0.38,2025-07-11,949,N21,VIIRS,n,2.0NRT,297.36,4.81,N
USA,40.80878,-122.08935,308.23,0.44,0.38,2025-07-11,949,N21,VIIRS,n,2.0NRT,294.93,4.81,N
USA,40.80907,-122.12022,328.73,0.44,0.38,2025-07-11,949,N21,VIIRS,n,2.0NRT,303.69,10.15,N
USA,40.80946,-122.0946,314.05,0.44,0.38,2025-07-11,949,N21,VIIRS,n,2.0NRT,294.44,2.99,N
USA,40.8097,-122.12521,333.69,0.44,0.39,2025-07-11,949,N21,VIIRS,n,2.0NRT,328.29,60.52,N
USA,40.81008,-122.0996,339.88,0.44,0.38,2025-07-11,949,N21,VIIRS,n,2.0NRT,296.2,2.99,N
USA,40.81035,-122.13039,334.22,0.44,0.39,2025-07-11,949,N21,VIIRS,n,2.0NRT,299.05,60.52,N
USA,40.8107,-122.10449,309.68,0.44,0.38,2025-07-11,949,N21,VIIRS,n,2.0NRT,295.58,3.6,N
USA,40.81099,-122.07829,304.2,0.44,0.38,2025-07-11,949,N21,VIIRS,n,2.0NRT,293.87,0.93,N
USA,40.81163,-122.08341,312.65,0.44,0.38,2025-07-11,949,N21,VIIRS,n,2.0NRT,294.34,4.81,N
USA,40.81193,-122.1143,309.77,0.44,0.38,2025-07-11,949,N21,VIIRS,n,2.0NRT,297.84,11.22,N
USA,40.81256,-122.11934,341.61,0.44,0.38,2025-07-11,949,N21,VIIRS,n,2.0NRT,308.83,11.22,N
USA,40.81294,-122.09374,329.49,0.44,0.38,2025-07-11,949,N21,VIIRS,n,2.0NRT,294.65,2.99,N
USA,40.81321,-122.12444,332.98,0.44,0.39,2025-07-11,949,N21,VIIRS,n,2.0NRT,332.86,148.34,N
USA,40.81358,-122.09882,304.32,0.44,0.38,2025-07-11,949,N21,VIIRS,n,2.0NRT,293.88,2.99,N
USA,40.81387,-122.1297,330.69,0.44,0.39,2025-07-11,949,N21,VIIRS,n,2.0NRT,328.04,148.34,N
USA,40.81448,-122.07748,313.56,0.44,0.38,2025-07-11,949,N21,VIIRS,n,2.0NRT,294.16,1.44,N
USA,40.81605,-122.11849,318.26,0.44,0.38,2025-07-11,949,N21,VIIRS,n,2.0NRT,298.26,11.22,N
USA,40.81671,-122.12366,329.09,0.44,0.39,2025-07-11,949,N21,VIIRS,n,2.0NRT,310.23,148.34,N
USA,40.81737,-122.12891,332.75,0.44,0.39,2025-07-11,949,N21,VIIRS,n,2.0NRT,326.76,148.34,N
USA,40.82021,-122.12288,326.13,0.44,0.39,2025-07-11,949,N21,VIIRS,n,2.0NRT,298.28,2.46,N
USA,40.82055,-114.25919,313.38,0.47,0.4,2025-07-11,949,N21,VIIRS,n,2.0NRT,290.26,2.96,N
USA,40.82088,-122.12818,316.74,0.44,0.39,2025-07-11,949,N21,VIIRS,n,2.0NRT,297.24,2.46,N
USA,40.82144,-122.07572,328.16,0.44,0.38,2025-07-11,949,N21,VIIRS,n,2.0NRT,293.88,3.69,N
USA,40.82214,-122.0782,325.29,0.44,0.38,2025-07-11,949,N21,VIIRS,n,2.0NRT,293.84,3.14,N
USA,40.82373,-122.1222,327.06,0.44,0.39,2025-07-11,949,N21,VIIRS,n,2.0NRT,298.45,2.46,N
USA,40.82442,-122.12766,320.87,0.44,0.39,2025-07-11,949,N21,VIIRS,n,2.0NRT,298.25,2.46,N
USA,40.82724,-122.1215,313.61,0.44,0.39,2025-07-11,949,N21,VIIRS,n,2.0NRT,297.61,3.83,N
USA,40.8278,-122.12417,331.98,0.44,0.39,2025-07-11,949,N21,VIIRS,n,2.0NRT,299.35,3.14,N
USA,40.82796,-122.12711,336.74,0.44,0.39,2025-07-11,949,N21,VIIRS,n,2.0NRT,299.98,3.83,N
USA,40.82848,-122.12978,313.91,0.44,0.39,2025-07-11,949,N21,VIIRS,n,2.0NRT,298.1,3.14,N
USA,40.82867,-122.13266,339.18,0.44,0.39,2025-07-11,949,N21,VIIRS,n,2.0NRT,298.89,8.32,N
USA,40.82916,-122.13532,332.87,0.44,0.39,2025-07-11,949,N21,VIIRS,n,2.0NRT,297.96,7.06,N
USA,40.83198,-122.12892,314.78,0.44,0.39,2025-07-11,949,N21,VIIRS,n,2.0NRT,297.79,3.14,N
USA,40.83217,-122.13187,342.01,0.44,0.39,2025-07-11,949,N21,VIIRS,n,2.0NRT,301.11,8.32,N
USA,40.83266,-122.13454,345.19,0.44,0.39,2025-07-11,949,N21,VIIRS,n,2.0NRT,299.53,7.06,N
USA,40.83615,-122.13361,335.45,0.44,0.39,2025-07-11,949,N21,VIIRS,n,2.0NRT,299.6,7.61,N
USA,40.83967,-122.13287,337.31,0.44,0.39,2025-07-11,949,N21,VIIRS,n,2.0NRT,298.08,7.61,N
USA,40.84317,-122.13209,322.24,0.44,0.39,2025-07-11,949,N21,VIIRS,n,2.0NRT,296.38,4.3,N
USA,40.84439,-122.08368,306.65,0.44,0.38,2025-07-11,949,N21,VIIRS,n,2.0NRT,294.99,3.84,N
USA,40.846,-122.1258,334.06,0.44,0.39,2025-07-11,949,N21,VIIRS,n,2.0NRT,298.25,5.55,N
USA,40.84788,-122.08282,342.01,0.44,0.38,2025-07-11,949,N21,VIIRS,n,2.0NRT,298.97,3.84,N
USA,40.84853,-122.08804,309.81,0.44,0.38,2025-07-11,949,N21,VIIRS,n,2.0NRT,296.74,3.18,N
USA,40.84954,-122.12531,338.61,0.44,0.39,2025-07-11,949,N21,VIIRS,n,2.0NRT,298.63,6.59,N
USA,40.85137,-122.08192,341.1,0.44,0.38,2025-07-11,949,N21,VIIRS,n,2.0NRT,299.04,7.21,N
USA,40.85203,-122.08726,317.56,0.44,0.38,2025-07-11,949,N21,VIIRS,n,2.0NRT,297.43,2.8,N
USA,40.85307,-122.12473,336.64,0.44,0.39,2025-07-11,949,N21,VIIRS,n,2.0NRT,294.88,6.59,N
USA,40.85551,-122.08636,318.64,0.44,0.38,2025-07-11,949,N21,VIIRS,n,2.0NRT,296.09,2.8,N
USA,40.85875,-122.11246,333.64,0.44,0.39,2025-07-11,949,N21,VIIRS,n,2.0NRT,295.06,6.56,N
USA,40.859,-122.08549,318.26,0.44,0.38,2025-07-11,949,N21,VIIRS,n,2.0NRT,297.69,4.58,N
USA,40.86229,-122.1119,321.71,0.44,0.39,2025-07-11,949,N21,VIIRS,n,2.0NRT,294.32,2.65,N
USA,40.86249,-122.08458,338.09,0.44,0.38,2025-07-11,949,N21,VIIRS,n,2.0NRT,300.23,4.58,N
USA,40.86579,-122.11112,314.13,0.44,0.39,2025-07-11,949,N21,VIIRS,n,2.0NRT,294.42,2.65,N
USA,40.86596,-122.08356,320.31,0.44,0.38,2025-07-11,949,N21,VIIRS,n,2.0NRT,298.67,3.13,N
USA,40.86859,-122.10466,315.15,0.44,0.39,2025-07-11,949,N21,VIIRS,n,2.0NRT,296.63,4.21,N
USA,40.86943,-122.08256,324.62,0.44,0.38,2025-07-11,949,N21,VIIRS,n,2.0NRT,298.56,3.13,N
USA,40.87006,-122.08759,324.04,0.44,0.38,2025-07-11,949,N21,VIIRS,n,2.0NRT,298.74,3.13,N
USA,40.87209,-122.10384,336.18,0.44,0.39,2025-07-11,949,N21,VIIRS,n,2.0NRT,299.66,4.21,N
USA,40.87279,-122.1095,328.45,0.44,0.39,2025-07-11,949,N21,VIIRS,n,2.0NRT,296.42,4.21,N
USA,40.87353,-122.08661,324.33,0.44,0.38,2025-07-11,949,N21,VIIRS,n,2.0NRT,296.85,4.66,N
USA,40.8742,-122.09196,333.34,0.44,0.38,2025-07-11,949,N21,VIIRS,n,2.0NRT,297.87,4.11,N
USA,40.87489,-122.0975,326.44,0.44,0.38,2025-07-11,949,N21,VIIRS,n,2.0NRT,298.02,4.11,N
USA,40.87558,-122.10302,352.99,0.44,0.39,2025-07-11,949,N21,VIIRS,n,2.0NRT,302.71,5.81,N
USA,40.87629,-122.10871,313.27,0.44,0.39,2025-07-11,949,N21,VIIRS,n,2.0NRT,294.55,5.81,N
USA,40.87909,-122.10229,309.85,0.44,0.39,2025-07-11,949,N21,VIIRS,n,2.0NRT,295.33,5.81,N
USA,41.26,-123.39673,337.3,0.5,0.41,2025-07-11,949,N21,VIIRS,n,2.0NRT,295.02,5.89,N
USA,41.26057,-123.40188,330.4,0.5,0.41,2025-07-11,949,N21,VIIRS,n,2.0NRT,292.84,3.3,N
USA,41.26306,-123.39025,312.14,0.5,0.41,2025-07-11,949,N21,VIIRS,n,2.0NRT,292,5.89,N
USA,41.26371,-123.39597,329.4,0.5,0.41,2025-07-11,949,N21,VIIRS,n,2.0NRT,293.52,5.89,N
USA,41.26427,-123.40103,311.1,0.5,0.41,2025-07-11,949,N21,VIIRS,n,2.0NRT,292.66,3.3,N
USA,41.26598,-123.41628,338.83,0.5,0.41,2025-07-11,949,N21,VIIRS,n,2.0NRT,294.17,9.75,N
USA,41.26664,-123.42215,342.59,0.5,0.41,2025-07-11,949,N21,VIIRS,n,2.0NRT,294.39,19.35,N
USA,41.26678,-123.3896,332.35,0.5,0.41,2025-07-11,949,N21,VIIRS,n,2.0NRT,293.54,3.4,N
USA,41.2703,-123.42097,344.47,0.5,0.41,2025-07-11,949,N21,VIIRS,n,2.0NRT,294.99,15.31,N
USA,41.2705,-123.38897,303.95,0.5,0.41,2025-07-11,949,N21,VIIRS,n,2.0NRT,292.09,3.4,N
USA,41.27478,-123.3933,312.56,0.5,0.41,2025-07-11,949,N21,VIIRS,n,2.0NRT,292.72,2.12,N
USA,41.27536,-123.39842,327.23,0.5,0.41,2025-07-11,949,N21,VIIRS,n,2.0NRT,292.86,3.99,N
USA,41.28222,-123.42558,327.39,0.5,0.41,2025-07-11,949,N21,VIIRS,n,2.0NRT,292.46,4.26,N
USA,41.28653,-123.43015,328.59,0.5,0.41,2025-07-11,949,N21,VIIRS,n,2.0NRT,292.69,3.71,N
USA,41.28895,-123.45169,308.74,0.5,0.41,2025-07-11,949,N21,VIIRS,n,2.0NRT,290.37,0.92,N
USA,41.28971,-123.3911,303.69,0.5,0.41,2025-07-11,949,N21,VIIRS,n,2.0NRT,292.19,4.01,N
USA,41.29034,-123.3966,306.48,0.5,0.41,2025-07-11,949,N21,VIIRS,n,2.0NRT,292.63,2.28,N
USA,41.29271,-123.45134,302.43,0.5,0.41,2025-07-11,949,N21,VIIRS,n,2.0NRT,289.79,0.92,N
USA,41.29338,-123.39001,336.59,0.5,0.41,2025-07-11,949,N21,VIIRS,n,2.0NRT,294.79,4.01,N
USA,41.29401,-123.39547,321.88,0.5,0.41,2025-07-11,949,N21,VIIRS,n,2.0NRT,293.83,2.28,N
USA,41.29583,-123.44524,310.95,0.5,0.41,2025-07-11,949,N21,VIIRS,n,2.0NRT,290.01,1.59,N
USA,41.29645,-123.38361,338.1,0.5,0.41,2025-07-11,949,N21,VIIRS,n,2.0NRT,294.19,9.47,N
USA,41.29649,-123.41745,302.87,0.5,0.41,2025-07-11,949,N21,VIIRS,n,2.0NRT,291.82,0.54,N
USA,41.29708,-123.38913,311.05,0.5,0.41,2025-07-11,949,N21,VIIRS,n,2.0NRT,292.66,9.47,N
USA,41.29789,-123.38177,308.57,0.5,0.41,2025-07-11,949,N21,VIIRS,n,2.0NRT,291.87,3.19,N
USA,41.29848,-123.38719,343.22,0.5,0.41,2025-07-11,949,N21,VIIRS,n,2.0NRT,296.91,11.7,N
USA,41.29895,-123.43921,306.52,0.5,0.41,2025-07-11,949,N21,VIIRS,n,2.0NRT,290.37,1.59,N
USA,41.29963,-123.41156,303.65,0.5,0.41,2025-07-11,949,N21,VIIRS,n,2.0NRT,292.16,1.27,N
USA,41.30018,-123.38303,319.98,0.5,0.41,2025-07-11,949,N21,VIIRS,n,2.0NRT,295.26,9.47,N
USA,41.30027,-123.4172,314.58,0.5,0.41,2025-07-11,949,N21,VIIRS,n,2.0NRT,292.07,2.72,N
USA,41.3008,-123.38849,334.8,0.5,0.41,2025-07-11,949,N21,VIIRS,n,2.0NRT,297.1,9.47,N
USA,41.30162,-123.38126,305.17,0.5,0.41,2025-07-11,949,N21,VIIRS,n,2.0NRT,291.56,3.19,N
USA,41.30221,-123.38662,351.7,0.5,0.41,2025-07-11,949,N21,VIIRS,n,2.0NRT,300.23,11.7,N
USA,41.30285,-123.39245,305.39,0.5,0.41,2025-07-11,949,N21,VIIRS,n,2.0NRT,293.01,11.7,N
USA,41.30392,-123.38256,329.21,0.5,0.41,2025-07-11,949,N21,VIIRS,n,2.0NRT,292.99,4.74,N
USA,41.30405,-123.43803,302.22,0.5,0.41,2025-07-11,949,N21,VIIRS,n,2.0NRT,291.69,1.4,N
USA,41.30454,-123.38795,344.38,0.5,0.41,2025-07-11,949,N21,VIIRS,n,2.0NRT,295.58,4.74,N
USA,41.30523,-123.39395,306.24,0.5,0.41,2025-07-11,949,N21,VIIRS,n,2.0NRT,293.08,1.95,N
USA,41.30595,-123.43376,311.24,0.5,0.41,2025-07-11,949,N21,VIIRS,n,2.0NRT,292.22,1.01,N
USA,41.30595,-123.38618,314.62,0.5,0.41,2025-07-11,949,N21,VIIRS,n,2.0NRT,292.25,2.76,N
USA,41.30659,-123.39196,328.78,0.5,0.41,2025-07-11,949,N21,VIIRS,n,2.0NRT,294.21,2.76,N
USA,41.30719,-123.43198,310.39,0.5,0.41,2025-07-11,949,N21,VIIRS,n,2.0NRT,292.26,1.4,N
USA,41.30787,-123.43821,311.92,0.5,0.41,2025-07-11,949,N21,VIIRS,n,2.0NRT,292.29,1.4,N
USA,41.30831,-123.38768,304.46,0.5,0.41,2025-07-11,949,N21,VIIRS,n,2.0NRT,292.35,4.74,N
USA,41.30895,-123.39335,318.23,0.5,0.41,2025-07-11,949,N21,VIIRS,n,2.0NRT,293.47,1.95,N
USA,41.30972,-123.38593,307.49,0.5,0.41,2025-07-11,949,N21,VIIRS,n,2.0NRT,292.58,2.76,N
USA,41.3098,-123.43403,314.94,0.5,0.41,2025-07-11,949,N21,VIIRS,n,2.0NRT,292.61,2.62,N
USA,41.31346,-123.3855,317.54,0.5,0.41,2025-07-11,949,N21,VIIRS,n,2.0NRT,292.68,8.93,N
USA,41.31717,-123.38473,339.94,0.5,0.41,2025-07-11,949,N21,VIIRS,n,2.0NRT,296.33,8.93,N
USA,41.31791,-123.42587,319.51,0.5,0.41,2025-07-11,949,N21,VIIRS,n,2.0NRT,292.82,3.56,N
USA,41.32088,-123.38396,323.73,0.5,0.41,2025-07-11,949,N21,VIIRS,n,2.0NRT,292.82,4.33,N
USA,41.32143,-123.3889,333.06,0.5,0.41,2025-07-11,949,N21,VIIRS,n,2.0NRT,294.71,4.33,N
USA,41.32267,-123.4001,327.05,0.5,0.41,2025-07-11,949,N21,VIIRS,n,2.0NRT,294.66,11.24,N
USA,41.32338,-123.40655,344.3,0.5,0.41,2025-07-11,949,N21,VIIRS,n,2.0NRT,294.59,12.83,N
USA,41.3241,-123.41309,367,0.5,0.41,2025-07-11,949,N21,VIIRS,h,2.0NRT,296.82,12.83,N
USA,41.32476,-123.41918,331.74,0.5,0.41,2025-07-11,949,N21,VIIRS,n,2.0NRT,293.82,6.07,N
USA,41.32514,-123.38818,329.18,0.5,0.41,2025-07-11,949,N21,VIIRS,n,2.0NRT,293.86,4.33,N
USA,41.32648,-123.40022,334.25,0.5,0.41,2025-07-11,949,N21,VIIRS,n,2.0NRT,296.62,11.24,N
USA,41.32718,-123.40664,345.05,0.5,0.41,2025-07-11,949,N21,VIIRS,n,2.0NRT,295.35,12.83,N
USA,41.3279,-123.41315,313.71,0.5,0.41,2025-07-11,949,N21,VIIRS,n,2.0NRT,292.08,12.83,N
USA,41.32888,-123.38761,341.71,0.5,0.41,2025-07-11,949,N21,VIIRS,n,2.0NRT,295.52,9.61,N
USA,41.33028,-123.40031,320.79,0.5,0.41,2025-07-11,949,N21,VIIRS,n,2.0NRT,292.76,3.84,N
USA,41.42894,-114.23164,299.6,0.46,0.39,2025-07-11,949,N21,VIIRS,n,2.0NRT,287.2,0.56,N
USA,41.51227,-123.13154,346.46,0.49,0.4,2025-07-11,949,N21,VIIRS,n,2.0NRT,298.36,32.24,N
USA,41.5159,-123.1304,348.54,0.49,0.4,2025-07-11,949,N21,VIIRS,n,2.0NRT,291.23,5.9,N
USA,41.51667,-123.1373,333.13,0.49,0.4,2025-07-11,949,N21,VIIRS,n,2.0NRT,290.33,5.9,N
USA,41.51739,-123.14371,307.16,0.49,0.4,2025-07-11,949,N21,VIIRS,n,2.0NRT,288.95,1.83,N
USA,41.51953,-123.1293,303.36,0.49,0.4,2025-07-11,949,N21,VIIRS,n,2.0NRT,285.91,5.9,N
USA,42.11743,-122.62789,307.84,0.47,0.4,2025-07-11,949,N21,VIIRS,n,2.0NRT,289.5,1.44,N
USA,42.33338,-121.32011,299.64,0.43,0.38,2025-07-11,949,N21,VIIRS,n,2.0NRT,285.65,0.94,N
USA,42.33404,-121.32524,308.12,0.43,0.38,2025-07-11,949,N21,VIIRS,n,2.0NRT,286.52,0.94,N
USA,42.33535,-121.33548,320.03,0.43,0.38,2025-07-11,949,N21,VIIRS,n,2.0NRT,288.71,2.18,N
USA,42.33601,-121.34066,310.35,0.43,0.38,2025-07-11,949,N21,VIIRS,n,2.0NRT,286.73,1.82,N
USA,42.3362,-121.31431,295.7,0.43,0.38,2025-07-11,949,N21,VIIRS,n,2.0NRT,285.36,0.93,N
USA,42.33949,-121.33997,298.49,0.43,0.38,2025-07-11,949,N21,VIIRS,n,2.0NRT,286.52,1.46,N
USA,42.34446,-121.32316,299.47,0.43,0.38,2025-07-11,949,N21,VIIRS,n,2.0NRT,286.46,1.3,N
USA,42.34512,-121.32834,300.31,0.43,0.38,2025-07-11,949,N21,VIIRS,n,2.0NRT,286.93,0.86,N
USA,42.34525,-121.3017,309.08,0.43,0.38,2025-07-11,949,N21,VIIRS,n,2.0NRT,287.26,1.69,N
USA,42.3486,-121.32768,297.79,0.43,0.38,2025-07-11,949,N21,VIIRS,n,2.0NRT,286.71,0.86,N
USA,42.34871,-121.30095,314.31,0.43,0.38,2025-07-11,949,N21,VIIRS,n,2.0NRT,287.54,1.14,N
USA,42.3508,-121.30328,320.43,0.43,0.38,2025-07-11,949,N21,VIIRS,n,2.0NRT,289.69,3.09,N
USA,42.35218,-121.30024,296.17,0.43,0.38,2025-07-11,949,N21,VIIRS,n,2.0NRT,285.89,1.14,N
USA,42.35284,-121.30539,321.55,0.43,0.38,2025-07-11,949,N21,VIIRS,n,2.0NRT,289.29,3.49,N
USA,42.35492,-121.30774,311.35,0.43,0.38,2025-07-11,949,N21,VIIRS,n,2.0NRT,287.86,2.57,N
USA,42.38374,-122.77333,303.39,0.48,0.4,2025-07-11,949,N21,VIIRS,n,2.0NRT,290.29,0.78,N
USA,42.38816,-122.49242,312.02,0.47,0.4,2025-07-11,949,N21,VIIRS,n,2.0NRT,289.57,1.69,N
USA,42.38854,-122.4911,304.27,0.47,0.4,2025-07-11,949,N21,VIIRS,n,2.0NRT,288.89,2.67,N
USA,33.79249,-117.47345,306.93,0.44,0.39,2025-07-11,952,N21,VIIRS,n,2.0NRT,291,1.59,N
USA,34.03565,-118.10702,308.36,0.42,0.38,2025-07-11,952,N21,VIIRS,n,2.0NRT,291.2,0.78,N
USA,34.04183,-117.82214,300.11,0.43,0.38,2025-07-11,952,N21,VIIRS,n,2.0NRT,290.1,0.67,N
USA,34.07936,-117.50121,309.7,0.44,0.38,2025-07-11,952,N21,VIIRS,n,2.0NRT,293.01,0.93,N
USA,34.14341,-117.42828,306.38,0.44,0.38,2025-07-11,952,N21,VIIRS,n,2.0NRT,292.28,0.59,N
USA,34.15344,-118.1918,321.9,0.42,0.37,2025-07-11,952,N21,VIIRS,n,2.0NRT,290.28,1.21,N
USA,34.24308,-118.3808,304.34,0.41,0.37,2025-07-11,952,N21,VIIRS,n,2.0NRT,291.08,0.73,N
USA,34.29169,-118.80354,324.47,0.4,0.37,2025-07-11,952,N21,VIIRS,n,2.0NRT,287.85,2.01,N
USA,34.31933,-118.50993,306.28,0.41,0.37,2025-07-11,952,N21,VIIRS,n,2.0NRT,289.69,0.41,N
USA,34.33503,-118.51975,321.14,0.41,0.37,2025-07-11,952,N21,VIIRS,n,2.0NRT,290.99,1.63,N
USA,34.4285,-118.647,312.2,0.4,0.37,2025-07-11,952,N21,VIIRS,n,2.0NRT,288.76,1.05,N
USA,34.43185,-118.64622,303.98,0.4,0.37,2025-07-11,952,N21,VIIRS,n,2.0NRT,289.73,1.05,N
USA,34.48124,-120.13237,298.96,0.39,0.36,2025-07-11,952,N21,VIIRS,n,2.0NRT,288.38,0.28,N
USA,34.82041,-118.74902,304.06,0.4,0.37,2025-07-11,952,N21,VIIRS,n,2.0NRT,292.82,0.78,N
USA,19.40192,-155.28554,309.29,0.4,0.4,2025-07-11,1137,N21,VIIRS,n,2.0URT,295.89,9.58,N
USA,19.40238,-155.28922,367,0.4,0.4,2025-07-11,1137,N21,VIIRS,h,2.0URT,326.45,27.54,N
USA,19.40282,-155.29283,341.61,0.4,0.4,2025-07-11,1137,N21,VIIRS,n,2.0URT,306.23,27.54,N
USA,19.4041,-155.27003,301.71,0.4,0.4,2025-07-11,1137,N21,VIIRS,n,2.0URT,290.74,1.62,N
USA,19.40457,-155.2738,337.22,0.4,0.4,2025-07-11,1137,N21,VIIRS,n,2.0URT,301.9,3.97,N
USA,19.40504,-155.27754,310.33,0.4,0.4,2025-07-11,1137,N21,VIIRS,n,2.0URT,297.13,3.97,N
USA,19.4055,-155.28128,326.59,0.4,0.4,2025-07-11,1137,N21,VIIRS,n,2.0URT,304.69,9.58,N
USA,19.40596,-155.28499,367,0.4,0.4,2025-07-11,1137,N21,VIIRS,h,2.0URT,328.3,9.58,N
USA,19.40641,-155.28864,367,0.4,0.4,2025-07-11,1137,N21,VIIRS,h,2.0URT,342.58,27.54,N
USA,19.40685,-155.29221,338.01,0.4,0.4,2025-07-11,1137,N21,VIIRS,n,2.0URT,304.93,27.54,N
USA,19.40813,-155.2695,314.54,0.4,0.4,2025-07-11,1137,N21,VIIRS,n,2.0URT,299.07,3.59,N
USA,19.4086,-155.27324,350.83,0.4,0.4,2025-07-11,1137,N21,VIIRS,n,2.0URT,313.29,8.11,N
USA,19.40906,-155.27698,314.84,0.4,0.4,2025-07-11,1137,N21,VIIRS,n,2.0URT,298.66,8.11,N
USA,19.40952,-155.28067,348.58,0.4,0.4,2025-07-11,1137,N21,VIIRS,n,2.0URT,315.32,7.95,N
USA,19.40998,-155.28435,367,0.4,0.4,2025-07-11,1137,N21,VIIRS,h,2.0URT,327.02,7.95,N
USA,19.41043,-155.28799,345.37,0.4,0.4,2025-07-11,1137,N21,VIIRS,n,2.0URT,311.27,9.53,N
USA,19.41217,-155.26897,321.15,0.4,0.4,2025-07-11,1137,N21,VIIRS,n,2.0URT,302.52,3.59,N
USA,19.41263,-155.27269,343.73,0.4,0.4,2025-07-11,1137,N21,VIIRS,n,2.0URT,321.43,8.11,N
USA,19.41309,-155.2764,320.09,0.4,0.4,2025-07-11,1137,N21,VIIRS,n,2.0URT,298.23,8.11,N
USA,19.41355,-155.28008,325.26,0.4,0.4,2025-07-11,1137,N21,VIIRS,n,2.0URT,301.95,7.95,N
USA,19.414,-155.28369,311.21,0.4,0.4,2025-07-11,1137,N21,VIIRS,n,2.0URT,294.99,7.95,N
USA,19.41666,-155.27214,343.37,0.4,0.4,2025-07-11,1137,N21,VIIRS,n,2.0URT,293.51,9.89,N